묶음,편,검색어,가제,최종제목,사건키,골격,작가,상태,작업폴더,대기파일,라이브URL,게시일,갱신
기존,/2,동전주 상장폐지,"동전주 상장폐지, 위험한 건 45일이 아니라 46번째 거래일입니다","동전주 상장폐지, 위험한 건 45일이 아니라 46번째 거래일입니다",동전주상장폐지,-,기존,라이브,,,https://moneyproducer.co.kr/2,2026-08-29,2026-10-03
기존,/5,관리종목 지정,관리종목 지정되면 어떻게 되나 — 신용거래·대용증권·반대매매까지,관리종목 지정되면 어떻게 되나 — 신용거래·대용증권·반대매매까지,관리종목지정2026,-,기존,라이브,,,https://moneyproducer.co.kr/5,2026-08-30,2026-10-03
기존,/6,정리매매 체결 횟수,"정리매매 하루 체결 횟수, 13회 아니라 14회입니다","정리매매 하루 체결 횟수, 13회 아니라 14회입니다",-,-,기존,라이브,,,https://moneyproducer.co.kr/6,2026-08-30,2026-10-03
기존,/7,주식병합 주가,"주식병합해서 주가는 오르는데, 지갑은 그대로입니다","주식병합해서 주가는 오르는데, 지갑은 그대로입니다",동전주상장폐지,-,기존,라이브,,,https://moneyproducer.co.kr/7,2026-09-01,2026-10-03
기존,/8,근로장려금 반기신청,"근로장려금 반기신청 마감, 지금은 정기신청만 남았습니다","근로장려금 반기신청 마감, 지금은 정기신청만 남았습니다",근로장려금신청,-,기존,라이브,,,https://moneyproducer.co.kr/8,2026-09-03,2026-10-03
기존,/10,거래정지 이유,"거래정지 이유, 열에 아홉은 상장폐지가 아닙니다 — 공시 1,124건을 세 칸으로","거래정지 이유, 열에 아홉은 상장폐지가 아닙니다 — 공시 1,124건을 세 칸으로",-,-,기존,라이브,,,https://moneyproducer.co.kr/10,2026-09-04,2026-10-03
기존,/11,VI 발동,VI가 떴다고 파는 게 맞을까요,VI가 떴다고 파는 게 맞을까요,-,-,기존,라이브,,,https://moneyproducer.co.kr/11,2026-09-05,2026-10-03
기존,/12,단기과열종목 지정,"단기과열종목 지정됐는데, 주가가 오히려 더 올랐습니다","단기과열종목 지정됐는데, 주가가 오히려 더 올랐습니다",-,-,기존,라이브,,,https://moneyproducer.co.kr/12,2026-09-05,2026-10-03
기존,/13,상장폐지 사유,"상장폐지 사유, 숫자가 재는 것과 사람이 판단하는 것은 다릅니다","상장폐지 사유, 숫자가 재는 것과 사람이 판단하는 것은 다릅니다","완전자본잠식반기,공시벌점강화",-,기존,라이브,,,https://moneyproducer.co.kr/13,2026-09-06,2026-10-03
기존,/16,생산적금융 ISA,"생산적금융 ISA, 아직 국회를 통과하지 못했습니다","생산적금융 ISA, 아직 국회를 통과하지 못했습니다","생산적금융ISA,세제개편2026",-,기존,라이브,,,https://moneyproducer.co.kr/16,2026-09-07,2026-10-03
기존,/17,원엔 환율,엔화가 강해졌는데 왜 원/엔은 그대로일까요,엔화가 강해졌는데 왜 원/엔은 그대로일까요,엔화BOJ9월,-,기존,라이브,,,https://moneyproducer.co.kr/17,2026-09-09,2026-10-03
기존,/18,연금저축 세액공제,연금저축 900만원 채우면 최대 148만원 돌려받습니다,연금저축 900만원 채우면 최대 148만원 돌려받습니다,"연금저축세액공제,ISA만기연금전환,연금소득세,세제개편2026",-,기존,라이브,,,https://moneyproducer.co.kr/18,2026-09-09,2026-10-03
기존,/19,해외주식 양도소득세,"해외주식 250만원까지는 세금이 없습니다, 그 다음이 문제입니다","해외주식 250만원까지는 세금이 없습니다, 그 다음이 문제입니다",해외주식양도세,-,기존,라이브,,,https://moneyproducer.co.kr/19,2026-09-10,2026-10-03
기존,/20,국민연금 조기수령,"국민연금 조기수령, 계산에 안 잡히는 변수가 하나 있습니다","국민연금 조기수령, 계산에 안 잡히는 변수가 하나 있습니다",국민연금수령시기,-,기존,라이브,,,https://moneyproducer.co.kr/20,2026-09-14,2026-10-03
기존,/21,애프터마켓 거래시간,"애프터마켓 오후 8시까지, 가격제한폭은 ±30%로 3배 늘었습니다","애프터마켓 오후 8시까지, 가격제한폭은 ±30%로 3배 늘었습니다",애프터마켓개장,-,기존,라이브,,,https://moneyproducer.co.kr/21,2026-09-14,2026-10-03
기존,/22,추석 주식시장 휴장,추석 주식시장 휴장은 24일·25일 — 28일 월요일은 정상 개장합니다,추석 주식시장 휴장은 24일·25일 — 28일 월요일은 정상 개장합니다,"추석휴장,연휴매도대금,휴장미국장",-,기존,라이브,,,https://moneyproducer.co.kr/22,2026-09-15,2026-10-03
기존,/23,관리종목 시가총액 기준,"관리종목 36개, 2027년 1월엔 더 늘어납니다","관리종목 36개, 2027년 1월엔 더 늘어납니다","관리종목지정2026,시가총액기준상향,동전주상장폐지",-,기존,라이브,,,https://moneyproducer.co.kr/23,2026-09-16,2026-10-03
기존,/24,환율 상승 영향,"환율이 올랐다는 뉴스, 이미 당신 지갑에서 새고 있습니다","환율이 올랐다는 뉴스, 이미 당신 지갑에서 새고 있습니다",-,-,기존,라이브,,,https://moneyproducer.co.kr/24,2026-09-18,2026-10-03
기존,/25,유상증자 자금 용도,"유상증자, 악재인지 아닌지는 '자금 용도' 한 칸에 있습니다","유상증자, 악재인지 아닌지는 '자금 용도' 한 칸에 있습니다",-,-,기존,라이브,,,https://moneyproducer.co.kr/25,2026-09-18,2026-10-03
기존,/27,10월 5일 증시 휴장,"2026년 10월 5일 쉬는 날 맞나요, 국내 증시는 쉬고 미국장은 열립니다","2026년 10월 5일 쉬는 날 맞나요, 국내 증시는 쉬고 미국장은 열립니다","개천절휴장,한글날휴장,국군의날휴장,연말휴장,근로자의날휴장,제헌절휴장,증시휴장일2026,휴장미국장,연휴매도대금",-,기존,라이브,,,https://moneyproducer.co.kr/27,2026-09-22,2026-10-03
기존,/28,대주주 기준일,2026년 대주주 기준일은 12월 31일이지만 50억은 12월 30일 종가입니다,2026년 대주주 기준일은 12월 31일이지만 50억은 12월 30일 종가입니다,"대주주기준일12월,연말휴장,성탄절휴장",-,기존,라이브,,,https://moneyproducer.co.kr/28,2026-09-23,2026-10-03
기존,/30,QQQ SPY 비교,QQQ SPY 비교: 매달 적립했다면 12.5배 vs 6.2배,QQQ SPY 비교: 매달 적립했다면 12.5배 vs 6.2배,-,-,기존,라이브,,,https://moneyproducer.co.kr/30,2026-10-02,2026-10-03
B1004-1,1,결혼 증여세 면제,"결혼 증여세 면제, 혼인 전후 2년 안에 받아야 하는 한도와 신고 기한",결혼 증여세 면제 1억 5천만원 넘는 금액별 세금표,-,계산형,jakga-a,라이브,작업/2026-10-04_혼인증여공제,발행/대기/2026-10-04_혼인증여공제.html,https://moneyproducer.co.kr/31,2026-10-05,2026-10-05
B1004-2,1,순자산 상위 10%,"순자산 상위 10%는 얼마부터인가, 통계청 가구 순자산 분위로 보는 내 위치",순자산 상위 10%는 2025년 조사 11억 20만원부터,-,비교형,jakga-b,라이브,작업/2026-10-04_순자산상위10,발행/대기/2026-10-04_순자산상위10.html,https://moneyproducer.co.kr/32,2026-10-05,2026-10-05
B1004-3,1,퇴직금 계산,"퇴직금 계산, 평균임금 3개월 치로 구하는 방법과 계속근로 1년 조건",,-,계산형,jakga-a,후보,,,,2026-10-04,2026-10-03
B1004-4,1,기초연금 수급 조건,"기초연금 수급 조건, 소득인정액 선정기준액과 재산 환산 방식",,-,절차형,jakga-a,후보,,,,2026-10-04,2026-10-03
B1005-1,1,실업급여 조건,"실업급여 조건, 180일 근무와 비자발적 이직 판단 기준",실업급여 조건 180일은 주 5일이면 약 7개월 걸립니다,-,절차형,jakga-b,라이브,작업/2026-10-05_실업급여조건,발행/대기/2026-10-05_실업급여조건.html,https://moneyproducer.co.kr/34,2026-10-06,2026-10-06
B1005-1,2,구직급여 상한액,"구직급여 상한액과 하한액, 평균임금 60%가 어디서 잘리는지","구직급여 상한액 68,100원에 닿는 월급은 약 349만원",-,계산형,jakga-b,라이브,작업/2026-10-05_구직급여상한액,발행/대기/2026-10-05_구직급여상한액.html,https://moneyproducer.co.kr/33,2026-10-05,2026-10-05
B1005-2,1,퇴직연금 수령 방법,"퇴직연금 수령 방법, 일시금과 연금 중 세금이 갈리는 지점",퇴직연금 수령 방법에 따라 3억원 세금 약 595만원 차이,-,비교형,jakga-a,라이브,작업/2026-10-05_퇴직연금수령,발행/대기/2026-10-05_퇴직연금수령.html,https://moneyproducer.co.kr/36,2026-10-06,2026-10-06
B1005-2,2,퇴직소득세 계산,"퇴직소득세 계산, 근속연수공제와 환산급여 순서대로","퇴직소득세 계산하면 근속 10년 약 2,166만원까지 0원",-,계산형,jakga-a,라이브,작업/2026-10-05_퇴직소득세계산,발행/대기/2026-10-05_퇴직소득세계산.html,https://moneyproducer.co.kr/35,2026-10-06,2026-10-06
B1006-1,1,보금자리론 신혼부부 소득,"보금자리론 신혼부부 소득 요건, 부부 합산 기준과 우대 조건","보금자리론 신혼부부 소득, 10월 19일부터 1명 7천만원",-,비교형,jakga-b,대기,작업/2026-10-06_보금자리론신혼,발행/대기/2026-10-06_보금자리론신혼.html,,2026-10-06,2026-10-03
B1006-1,2,주택청약 해지,"주택청약 해지하면 잃는 것, 납입 횟수와 순위 기준","주택청약 해지 추징 6%, 세율 6% 구간은 7만 2천원만",-,절차형,jakga-b,대기,작업/2026-10-06_주택청약해지,발행/대기/2026-10-06_주택청약해지.html,,2026-10-06,2026-10-03
B1006-2,1,연봉 실수령액,"연봉 실수령액 계산기, 4대보험과 소득세를 뗀 월 통장 입금액","연봉 실수령액 5천만원은 월 357만원, 공제 약 60만원",-,계산형,jakga-a,대기,작업/2026-10-06_연봉실수령액,발행/대기/2026-10-06_연봉실수령액.html,,2026-10-06,2026-10-03
B1006-2,2,4대보험 계산,"4대보험 계산, 직장가입자 본인 부담 요율 네 가지","4대보험 계산 월급 300만원이면 291,522원 공제",-,계산형,jakga-a,라이브,작업/2026-10-06_4대보험계산,발행/대기/2026-10-06_4대보험계산.html,https://moneyproducer.co.kr/37,2026-10-06,2026-10-06
B1007-1,1,연말정산 월세 공제,"연말정산 월세 공제, 총급여 구간별 한도와 필요 서류","연말정산 월세 공제, 월 50만원이면 90만~102만원",-,절차형,jakga-a,대기,작업/2026-10-07_월세공제,발행/대기/2026-10-07_월세공제.html,,2026-10-07,2026-10-05
B1007-1,2,청년도약계좌 조건,"청년도약계좌 조건, 나이·소득 요건과 만기 수령액",,-,비교형,jakga-b,보류,,,,2026-10-07,2026-10-05
B1007-2,1,디딤돌대출 조건,"디딤돌대출 조건, 소득·주택가격·한도 세 가지 기준","디딤돌대출 조건, 소득 6천만원·집값 5억원·한도 2억원",-,비교형,jakga-b,대기,작업/2026-10-07_디딤돌조건,발행/대기/2026-10-07_디딤돌조건.html,,2026-10-07,2026-10-05
B1007-2,2,전세보증보험 가입조건,"전세보증보험 가입조건, 보증금 한도와 보증료 계산","전세보증보험 가입조건, 계약기간 절반 전·주택가격 90% 안",-,절차형,jakga-b,대기,작업/2026-10-07_전세보증보험,발행/대기/2026-10-07_전세보증보험.html,,2026-10-07,2026-10-05
B1008-1,1,금통위 일정 2026,"금통위 일정 2026, 남은 두 번의 기준금리 결정일","금통위 일정 2026, 남은 결정은 10월 22일·11월 26일 두 번",금통위10월,날짜형,jakga-b,대기,작업/2026-10-08_금통위일정,발행/대기/2026-10-08_금통위일정.html,,2026-10-08,2026-10-04
B1008-1,2,출산크레딧,"출산크레딧, 자녀 수별로 늘어나는 국민연금 가입 기간","출산크레딧, 첫째부터 12개월씩 늘어나는 국민연금 가입기간",-,계산형,jakga-a,대기,작업/2026-10-08_출산크레딧,발행/대기/2026-10-08_출산크레딧.html,,2026-10-08,2026-10-05
B1008-2,1,국민연금 추납,"국민연금 추납, 보험료 계산과 추납 가능 기간","국민연금 추납 보험료, 신청 달 소득×9.5%×개월 수",-,계산형,jakga-a,대기,작업/2026-10-08_국민연금추납,발행/대기/2026-10-08_국민연금추납.html,,2026-10-08,2026-10-05
B1008-2,2,국민연금 임의가입,"국민연금 임의가입 자격과 보험료, 전업주부 기준","국민연금 임의가입, 2026년 최저 월 96,230원",-,절차형,jakga-a,대기,작업/2026-10-08_국민연금임의가입,발행/대기/2026-10-08_국민연금임의가입.html,,2026-10-08,2026-10-05
B1009-1,1,연말정산 의료비 공제,"연말정산 의료비 공제, 총급여 3% 초과분 계산","연말정산 의료비 공제, 총급여 3% 넘은 금액의 15%",-,계산형,jakga-a,대기,작업/2026-10-09_의료비공제,발행/대기/2026-10-09_의료비공제.html,,2026-10-09,2026-10-05
B1009-1,2,실업급여 수급기간,"실업급여 수급기간, 나이와 가입기간별 소정급여일수 표",,-,비교형,jakga-b,취소,,,,2026-10-09,2026-10-05
B1009-2,1,주택연금 가입조건,"주택연금 가입조건, 주택 가격과 연령 기준 비교","주택연금 가입조건, 55세·공시가격 12억원과 월지급금",-,비교형,jakga-b,대기,작업/2026-10-09_주택연금,발행/대기/2026-10-09_주택연금.html,,2026-10-09,2026-10-05
B1009-2,2,신생아 특례대출,"신생아 특례대출, 소득 기준과 금리 우대 조건","신생아 특례대출 소득 기준 1.3억, 금리 1.8%부터",-,절차형,jakga-b,대기,작업/2026-10-09_신생아특례,발행/대기/2026-10-09_신생아특례.html,,2026-10-09,2026-10-05
B1010-1,1,부가세 예정신고 기간,"부가세 예정신고 기간, 10월 26일까지 대상자와 제외 대상","부가세 예정신고 기간, 10월 26일까지 대상자와 제외 대상",부가세2기예정,날짜형,jakga-a,대기,작업/2026-10-10_부가세예정신고,발행/대기/2026-10-10_부가세예정신고.html,,2026-10-10,2026-10-04
B1010-1,2,육아휴직급여 계산,"육아휴직급여 계산, 통상임금 대비 지급률과 상한액","육아휴직급여 계산, 통상임금 300만원이면 1년 2,310만원",-,계산형,jakga-a,대기,작업/2026-10-10_육아휴직급여,발행/대기/2026-10-10_육아휴직급여.html,,2026-10-10,2026-10-06
B1010-2,1,퇴직금 중간정산,"퇴직금 중간정산, 가능한 사유 다섯 가지와 세금","퇴직금 중간정산, 가능한 사유 9가지와 세금 정산",-,절차형,jakga-a,대기,작업/2026-10-10_퇴직금중간정산,발행/대기/2026-10-10_퇴직금중간정산.html,,2026-10-10,2026-10-06
B1010-2,2,연말정산 신용카드 공제,"연말정산 신용카드 공제, 최저 사용 금액과 공제율 계산","연말정산 신용카드 공제, 총급여 25% 초과분부터 계산",-,계산형,jakga-a,대기,작업/2026-10-10_신용카드공제,발행/대기/2026-10-10_신용카드공제.html,,2026-10-10,2026-10-06
B1011-1,1,청년미래적금,"청년미래적금, 가입 대상과 정부 기여금 구조","청년미래적금 2차 10월 7일 신청, 기여금 6%·12%",-,비교형,jakga-b,대기,작업/2026-10-04_청년미래적금,발행/대기/2026-10-04_청년미래적금.html,,2026-10-04,2026-10-03
B1011-1,2,상속세 공제,"상속세 공제, 일괄공제와 배우자공제를 합치는 순서","상속세 공제, 일괄 5억에 배우자공제를 더하는 순서",-,계산형,jakga-a,대기,작업/2026-10-11_상속세공제,발행/대기/2026-10-11_상속세공제.html,,2026-10-11,2026-10-06
B1011-2,1,국민취업지원제도 조건,"국민취업지원제도 조건, 1유형과 2유형 소득 기준","국민취업지원제도 조건, 1유형 소득선과 수당 360만원",-,비교형,jakga-b,대기,작업/2026-10-11_국민취업지원,발행/대기/2026-10-11_국민취업지원.html,,2026-10-11,2026-10-06
B1011-2,2,주택청약종합저축 금리,"주택청약종합저축 금리, 가입 기간별 적용 이율과 이자 계산","주택청약종합저축 금리, 2년 넘기면 연 3.1% 이자표",-,비교형,jakga-b,대기,작업/2026-10-11_청약저축금리,발행/대기/2026-10-11_청약저축금리.html,,2026-10-11,2026-10-06
B1012-9,1,퇴직금 지급 기준,"퇴직금 지급 기준, 계속근로 1년과 주 15시간 조건",,-,절차형,jakga-a,후보,,,,예비,2026-10-03
B1012-9,2,기초연금 금액,"기초연금 금액, 소득역전 방지 감액과 부부 감액",,-,계산형,jakga-a,후보,,,,예비,2026-10-03
B1012-9,3,연말정산 기간,"연말정산 기간, 간소화 서비스 개통일과 회사 제출 마감",,-,날짜형,jakga-a,후보,,,,예비,2026-10-03
B1012-9,4,전세대출 한도,"전세대출 한도, 소득과 보증기관별 상한 비교","전세대출 한도는 보증금 80%, 수도권 1주택자는 2억까지",-,비교형,jakga-b,대기,작업/2026-10-07_전세대출한도,발행/대기/2026-10-07_전세대출한도.html,,2026-10-07,2026-10-05
B1012-9,5,실업급여 신청방법,"실업급여 신청방법, 고용보험 사이트 구직 등록부터 수급자격 인정까지",,-,절차형,jakga-b,후보,,,,예비,2026-10-03
B1012-9,6,전월세 전환율,"전월세 전환율, 월세를 보증금으로 바꾸는 법정 상한 계산",,-,계산형,jakga-a,후보,,,,예비,2026-10-03
B1004-5,1,정년연장 법제화,"정년연장 법제화, 정부안 내용과 시행 시기 확인","정년연장 법제화, 2026년 10월에도 법정 정년은 60세",-,비교형,jakga-b,대기,작업/2026-10-04_정년연장,발행/대기/2026-10-04_정년연장.html,,2026-10-04,2026-10-03
B1012-1,1,종합소득세 중간예납 납부기한,"종합소득세 중간예납 납부기한, 11월 30일 대상자와 분납","종합소득세 중간예납 납부기한 11월 30일, 분납은 2월 1일까지",중간예납2026,-,jakga-a,대기,작업/2026-10-12_중간예납,발행/대기/2026-10-12_중간예납.html,,2026-10-12,2026-10-04
B1014-1,1,종부세 납부기간,"종부세 납부기간, 12월 15일까지 분납 기준과 계산","종부세 납부기간 12월 1~15일, 250만원 넘으면 분납",종부세2026,-,jakga-a,대기,작업/2026-10-14_종부세납부,발행/대기/2026-10-14_종부세납부.html,,2026-10-14,2026-10-04
B1009-3,1,10월 공모주 청약 일정,"10월 공모주 청약 일정, 날짜별 청약일과 환불일 보는 법","10월 공모주 청약 일정, 18곳 청약일과 환불일",공모주10월,-,jakga-b,대기,작업/2026-10-09_공모주청약,발행/대기/2026-10-09_공모주청약.html,,2026-10-09,2026-10-05
B1011-3,1,국민연금 조회,"국민연금 조회, 내 예상 연금과 가입기간 보는 법","국민연금 조회, 예상연금액·가입기간 보는 곳과 읽는 법",-,절차형,jakga-a,대기,작업/2026-10-11_국민연금조회,발행/대기/2026-10-11_국민연금조회.html,,2026-10-11,2026-10-06
