날짜,질문,구글자동완성,네이버자동완성,합의블로그,합의수,원천URL,사건키,사건일,원문URL,열림,gate_topic
2026-10-03,국민연금 수령 나이,10,10,8starstarstar8;hermebook;press02;secretbankbook;vipro;ya_nt+2군:partner6766,6,https://blog.naver.com/ya_nt/224429284636 https://blog.naver.com/press02/224430083304 https://blog.naver.com/secretbankbook/224430207693 https://blog.naver.com/hermebook/224429341442 https://blog.naver.com/8starstarstar8/224429760943 https://blog.naver.com/8starstarstar8/224427364860,국민연금수령시기,-,https://www.nps.or.kr/,열림,실패: 사건 국민연금수령시기 ← 이미 다룬 글 /20(사건키 줄26)
2026-10-03,퇴직금 지급 기준,9,10,cs1487;meaning87;ya_nt+2군:doomaker,3,https://blog.naver.com/ya_nt/224429465230 https://blog.naver.com/cs1487/224428127832 https://blog.naver.com/meaning87/224429275537,-,-,https://www.easylaw.go.kr/CSP/Main.laf,열림,통과
2026-10-03,퇴직금 계산,10,10,cs1487;meaning87;ya_nt+2군:doomaker,3,https://blog.naver.com/ya_nt/224429465230 https://blog.naver.com/cs1487/224428127832 https://blog.naver.com/meaning87/224429275537,-,-,https://www.easylaw.go.kr/CSP/Main.laf,열림,통과
2026-10-03,퇴직금 계산기,10,10,cs1487;meaning87;ya_nt+2군:doomaker,3,https://blog.naver.com/ya_nt/224429465230 https://blog.naver.com/cs1487/224428127832 https://blog.naver.com/meaning87/224429275537,-,-,https://www.easylaw.go.kr/CSP/Main.laf,열림,통과
2026-10-03,연금저축 irp 차이,10,2,meaning87;secretbankbook;ya_nt,3,https://blog.naver.com/ya_nt/224429187067 https://blog.naver.com/ya_nt/224428292264 https://blog.naver.com/ya_nt/224427888265 https://blog.naver.com/secretbankbook/224429921368 https://blog.naver.com/meaning87/224428672049,-,-,https://www.law.go.kr/법령/소득세법,못 열림(본문 짧음 — JS 화면일 수 있음),실패: IRP ← W-17(반려대장 줄37) [일정형 예외 안 됨: 사건키 없음·날짜 토큰 없음]
2026-10-03,순자산 상위 10프로,7,3,hermebook;meaning87+2군:92happywoo,2,https://blog.naver.com/hermebook/224430076955 https://blog.naver.com/meaning87/224428112802,-,-,https://kosis.kr/,못 열림(연결 실패([Errno 104] Connection reset by peer)),통과
2026-10-03,순자산 상위 1프로,7,1,hermebook;meaning87+2군:92happywoo,2,https://blog.naver.com/hermebook/224430076955 https://blog.naver.com/meaning87/224428112802,-,-,https://kosis.kr/,못 열림(연결 실패([Errno 104] Connection reset by peer)),통과
2026-10-03,순자산 상위 5프로,4,1,hermebook;meaning87+2군:92happywoo,2,https://blog.naver.com/hermebook/224430076955 https://blog.naver.com/meaning87/224428112802,-,-,https://kosis.kr/,못 열림(연결 실패([Errno 104] Connection reset by peer)),통과
2026-10-03,환율 엔화 계산,10,1,press02;ya_nt+2군:gjwlh,2,https://blog.naver.com/ya_nt/224430278702 https://blog.naver.com/press02/224428765202,-,-,https://www.bok.or.kr/,열림,실패: 엔화 ← 주제대장 /17(줄22) [일정형 예외 안 됨: 사건키 없음·날짜 토큰 없음]
2026-10-03,기초연금 수급자격,10,10,8starstarstar8;vipro,2,https://blog.naver.com/8starstarstar8/224428627543 https://blog.naver.com/vipro/224422944553,-,-,https://basicpension.mohw.go.kr/,못 열림(연결 실패([Errno 104] Connection reset by peer)),통과
2026-10-03,기초연금 금액,10,10,8starstarstar8;vipro,2,https://blog.naver.com/8starstarstar8/224428627543 https://blog.naver.com/vipro/224422944553,-,-,https://basicpension.mohw.go.kr/,못 열림(연결 실패([Errno 104] Connection reset by peer)),통과
2026-10-03,기초연금 수급자격 재산,3,8,8starstarstar8;vipro,2,https://blog.naver.com/8starstarstar8/224428627543 https://blog.naver.com/vipro/224422944553,-,-,https://basicpension.mohw.go.kr/,못 열림(연결 실패([Errno 104] Connection reset by peer)),통과
2026-10-03,보금자리론 신혼부부 소득,3,3,meaning87;press02,2,https://blog.naver.com/press02/224427654724 https://blog.naver.com/meaning87/224430106709,-,-,https://www.hf.go.kr/,열림,통과
2026-10-03,보금자리론 신혼부부 기준,2,1,meaning87;press02,2,https://blog.naver.com/press02/224427654724 https://blog.naver.com/meaning87/224430106709,-,-,https://www.hf.go.kr/,열림,통과
2026-10-03,보금자리론 신혼부부 한도,1,1,meaning87;press02,2,https://blog.naver.com/press02/224427654724 https://blog.naver.com/meaning87/224430106709,-,-,https://www.hf.go.kr/,열림,통과
2026-10-03,실업급여 조건,10,10,cs1487;hermebook,2,https://blog.naver.com/hermebook/224427983715 https://blog.naver.com/cs1487/224430223497,-,-,https://www.work24.go.kr/,열림,통과
2026-10-03,실업급여 신청,10,10,cs1487;hermebook,2,https://blog.naver.com/hermebook/224427983715 https://blog.naver.com/cs1487/224430223497,-,-,https://www.work24.go.kr/,열림,통과
2026-10-03,실업급여 신청방법,10,10,cs1487;hermebook,2,https://blog.naver.com/hermebook/224427983715 https://blog.naver.com/cs1487/224430223497,-,-,https://www.work24.go.kr/,열림,통과
2026-10-03,연말정산 기간,10,8,cs1487;meaning87,2,https://blog.naver.com/cs1487/224429189536 https://blog.naver.com/meaning87/224427894990,-,-,https://www.nts.go.kr/nts/cm/cntnts/cntntsView.do?mi=2304&cntntsId=238938,열림,통과
2026-10-03,연말정산 계산기,10,4,cs1487;meaning87,2,https://blog.naver.com/cs1487/224429189536 https://blog.naver.com/meaning87/224427894990,-,-,https://www.nts.go.kr/nts/cm/cntnts/cntntsView.do?mi=2304&cntntsId=238938,열림,통과
2026-10-03,연말정산 환급금 조회,10,4,cs1487;meaning87,2,https://blog.naver.com/cs1487/224429189536 https://blog.naver.com/meaning87/224427894990,-,-,https://www.nts.go.kr/nts/cm/cntnts/cntntsView.do?mi=2304&cntntsId=238938,열림,통과
2026-10-03,주택청약종합저축,10,10,press02;ya_nt,2,https://blog.naver.com/ya_nt/224428373037 https://blog.naver.com/press02/224430066484,-,-,https://nhuf.molit.go.kr/,열림,통과
2026-10-03,주택청약통장,10,10,press02;ya_nt,2,https://blog.naver.com/ya_nt/224428373037 https://blog.naver.com/press02/224430066484,-,-,https://nhuf.molit.go.kr/,열림,통과
2026-10-03,주택청약 해지,10,10,press02;ya_nt,2,https://blog.naver.com/ya_nt/224428373037 https://blog.naver.com/press02/224430066484,-,-,https://nhuf.molit.go.kr/,열림,통과
2026-10-03,결혼 증여세 면제,9,2,8starstarstar8;secretbankbook,2,https://blog.naver.com/secretbankbook/224429315835 https://blog.naver.com/8starstarstar8/224429715684,-,-,https://www.nts.go.kr/nts/cm/cntnts/cntntsView.do?mi=2338&cntntsId=7726,열림,통과
2026-10-03,결혼 증여세 신고,10,5,8starstarstar8;secretbankbook,2,https://blog.naver.com/secretbankbook/224429315835 https://blog.naver.com/8starstarstar8/224429715684,-,-,https://www.nts.go.kr/nts/cm/cntnts/cntntsView.do?mi=2338&cntntsId=7726,열림,통과
2026-10-03,결혼 증여세 신고 방법,2,1,8starstarstar8;secretbankbook,2,https://blog.naver.com/secretbankbook/224429315835 https://blog.naver.com/8starstarstar8/224429715684,-,-,https://www.nts.go.kr/nts/cm/cntnts/cntntsView.do?mi=2338&cntntsId=7726,열림,통과
2026-10-03,10월 공모주 청약 일정,1,3,meyou27;msql;press02;secretbankbook;ya_nt+2군:doomaker;phpboy;ssibar1188;xuenxu,5,https://blog.naver.com/ya_nt/224430273944 https://blog.naver.com/ya_nt/224429157420 https://blog.naver.com/press02/224429127764 https://blog.naver.com/press02/224427318163 https://blog.naver.com/secretbankbook/224428600608 https://blog.naver.com/secretbankbook/224427848821,공모주10월,-,https://dart.fss.or.kr/,열림,통과
2026-10-04,국민연금 수령 나이,10,10,8starstarstar8;hermebook;press02;secretbankbook;ya_nt,5,https://blog.naver.com/ya_nt/224429284636 https://blog.naver.com/press02/224430083304 https://blog.naver.com/secretbankbook/224430207693 https://blog.naver.com/hermebook/224429341442 https://blog.naver.com/8starstarstar8/224429760943,국민연금수령시기,-,https://www.nps.or.kr/,열림,실패: 사건 국민연금수령시기 ← 이미 다룬 글 /20(사건키 줄28)
2026-10-04,연금저축펀드,10,10,meaning87;secretbankbook;ya_nt,3,https://blog.naver.com/ya_nt/224429187067 https://blog.naver.com/secretbankbook/224429921368 https://blog.naver.com/meaning87/224428672049,-,-,https://www.law.go.kr/법령/소득세법,못 열림(본문 짧음 — JS 화면일 수 있음),실패: 연금저축 ← 주제대장 /18(줄23) [일정형 예외 안 됨: 문구에서 찾은 안 다룬 달력 사건 없음 · 날짜 토큰 없음]
2026-10-04,환율 엔화 계산,10,1,press02;ya_nt+2군:gjwlh,2,https://blog.naver.com/ya_nt/224430278702 https://blog.naver.com/press02/224428765202,-,-,https://www.bok.or.kr/,열림,실패: 엔화 ← 주제대장 /17(줄22) [일정형 예외 안 됨: 문구에서 찾은 안 다룬 달력 사건 없음 · 날짜 토큰 없음]
2026-10-04,결혼 증여세 면제,9,2,8starstarstar8;secretbankbook,2,https://blog.naver.com/secretbankbook/224429315835 https://blog.naver.com/8starstarstar8/224429715684,-,-,https://www.nts.go.kr/nts/cm/cntnts/cntntsView.do?mi=2338&cntntsId=7726,열림,통과
2026-10-04,결혼 증여세 신고,10,5,8starstarstar8;secretbankbook,2,https://blog.naver.com/secretbankbook/224429315835 https://blog.naver.com/8starstarstar8/224429715684,-,-,https://www.nts.go.kr/nts/cm/cntnts/cntntsView.do?mi=2338&cntntsId=7726,열림,통과
2026-10-04,결혼 증여세 신고 방법,2,1,8starstarstar8;secretbankbook,2,https://blog.naver.com/secretbankbook/224429315835 https://blog.naver.com/8starstarstar8/224429715684,-,-,https://www.nts.go.kr/nts/cm/cntnts/cntntsView.do?mi=2338&cntntsId=7726,열림,통과
2026-10-04,퇴직금 지급 기준,9,10,meaning87;ya_nt,2,https://blog.naver.com/ya_nt/224429465230 https://blog.naver.com/meaning87/224429275537,-,-,https://www.easylaw.go.kr/CSP/Main.laf,열림,통과
2026-10-04,퇴직금 계산,10,10,meaning87;ya_nt,2,https://blog.naver.com/ya_nt/224429465230 https://blog.naver.com/meaning87/224429275537,-,-,https://www.easylaw.go.kr/CSP/Main.laf,열림,통과
2026-10-04,퇴직금 계산기,10,10,meaning87;ya_nt,2,https://blog.naver.com/ya_nt/224429465230 https://blog.naver.com/meaning87/224429275537,-,-,https://www.easylaw.go.kr/CSP/Main.laf,열림,통과
2026-10-04,10월 공모주 청약 일정,1,3,meyou27;msql;press02;ya_nt+2군:ssibar1188;xuenxu,4,https://blog.naver.com/ya_nt/224430273944 https://blog.naver.com/ya_nt/224429157420 https://blog.naver.com/press02/224429127764 https://blog.naver.com/meyou27/224428977666 https://blog.naver.com/msql/224429517539 https://blog.naver.com/msql/224429060200,공모주10월,-,https://dart.fss.or.kr/,열림,통과
