종목명	회사구분	접수일자	보고서명(정지유형)	제출인
프리티 IR	유	2026.09.17	매매거래정지및정지해제(중요내용공시)	유가증권시장본부
두산	유	2026.09.17	매매거래정지및정지해제(중요내용공시)	유가증권시장본부
해태제과식품	유	2026.09.16	매매거래정지및정지해제(풍문등조회공시)	유가증권시장본부
샘표	유	2026.09.09	매매거래정지및정지해제(중요내용공시)	유가증권시장본부
우성	유	2026.09.04	매매거래정지및정지해제(중요내용공시)	유가증권시장본부
SK아이이테크놀로지	유	2026.08.25	매매거래정지및정지해제(중요내용공시)	유가증권시장본부
MH에탄올	유	2026.08.25	매매거래정지및정지해제(중요내용공시)	유가증권시장본부
에어부산	유	2026.08.21	매매거래정지및정지해제(중요내용공시)	유가증권시장본부
진에어	유	2026.08.21	매매거래정지및정지해제(중요내용공시)	유가증권시장본부
카카오 IR	유	2026.08.21	매매거래정지및정지해제(중요내용공시)	유가증권시장본부
아이에스동서	유	2026.08.13	매매거래정지및정지해제(풍문등조회공시)	유가증권시장본부
아이에스동서	유	2026.08.12	매매거래정지및정지해제(풍문등조회공시)	유가증권시장본부
동아지질	유	2026.07.23	[기재정정] 매매거래정지및정지해제(중요내용공시)	유가증권시장본부
동아지질	유	2026.07.23	매매거래정지및정지해제(중요내용공시)	유가증권시장본부
신세계푸드	기	2026.07.16	매매거래정지및정지해제(중요내용공시)	유가증권시장본부
비비안	유	2026.07.15	매매거래정지및정지해제(중요내용공시)	유가증권시장본부
진원생명과학	유	2026.07.15	매매거래정지및정지해제(풍문등조회공시)	유가증권시장본부
주성코퍼레이션	유	2026.07.09	매매거래정지및정지해제(중요내용공시)	유가증권시장본부
남성	유	2026.07.06	매매거래정지및정지해제(중요내용공시)	유가증권시장본부
만호제강	유	2026.07.02	매매거래정지및정지해제(중요내용공시)	유가증권시장본부
오리엔트바이오	유	2026.06.23	매매거래정지및정지해제(중요내용공시)	유가증권시장본부
가온전선	유	2026.06.16	매매거래정지및정지해제(중요내용공시)	유가증권시장본부
엠앤씨솔루션	유	2026.06.12	매매거래정지및정지해제(중요내용공시)	유가증권시장본부
동양	유	2026.06.02	매매거래정지및정지해제(중요내용공시)	유가증권시장본부
우양피앤엘	유	2026.05.21	매매거래정지및정지해제(중요내용공시)	유가증권시장본부
아시아나항공	유	2026.05.13	매매거래정지및정지해제(중요내용공시)	유가증권시장본부
방림	유	2026.05.06	매매거래정지및정지해제(중요내용공시)	유가증권시장본부
JW중외제약	유	2026.04.30	매매거래정지및정지해제(중요내용공시)	유가증권시장본부
동양생명보험	기	2026.04.24	매매거래정지및정지해제(중요내용공시)	유가증권시장본부
티웨이홀딩스	유	2026.04.22	매매거래정지및정지해제(중요내용공시)	유가증권시장본부
한국수출포장공업	유	2026.04.21	매매거래정지및정지해제(중요내용공시)	유가증권시장본부
광명전기 IR	유	2026.04.07	매매거래정지및정지해제(풍문등조회공시)	유가증권시장본부
미래에셋생명	유	2026.03.26	매매거래정지및정지해제(중요내용공시)	유가증권시장본부
케이씨 IR	유	2026.03.24	매매거래정지및정지해제(중요내용공시)	유가증권시장본부
대호에이엘	유	2026.03.23	매매거래정지및정지해제(풍문등조회공시)	유가증권시장본부
핸즈코퍼레이션	유	2026.03.23	[기재정정] 매매거래정지및정지해제(풍문등조회공시)	유가증권시장본부
다이나믹디자인	유	2026.03.23	매매거래정지및정지해제(풍문등조회공시)	유가증권시장본부
핸즈코퍼레이션	유	2026.03.23	[기재정정] 매매거래정지및정지해제(풍문등조회공시)	유가증권시장본부
핸즈코퍼레이션	유	2026.03.23	매매거래정지및정지해제(풍문등조회공시)	유가증권시장본부
윌비스	유	2026.03.23	매매거래정지및정지해제(풍문등조회공시)	유가증권시장본부
진원생명과학	유	2026.03.20	매매거래정지및정지해제(중요내용공시)	유가증권시장본부
광명전기 IR	유	2026.03.16	매매거래정지및정지해제(중요내용공시)	유가증권시장본부
이스타코	유	2026.03.16	매매거래정지및정지해제(풍문등조회공시)	유가증권시장본부
비비안	유	2026.03.13	매매거래정지및정지해제(중요내용공시)	유가증권시장본부
참엔지니어링	유	2026.03.11	매매거래정지및정지해제(중요내용공시)	유가증권시장본부
모토닉	유	2026.03.11	매매거래정지및정지해제(중요내용공시)	유가증권시장본부
신세계푸드	기	2026.03.10	매매거래정지및정지해제(중요내용공시)	유가증권시장본부
SK	유	2026.03.10	매매거래정지및정지해제(중요내용공시)	유가증권시장본부
금호에이치티	유	2026.03.06	매매거래정지및정지해제(중요내용공시)	유가증권시장본부
메타케어	유	2026.03.06	매매거래정지및정지해제(중요내용공시)	유가증권시장본부
삼천리	유	2026.03.05	매매거래정지및정지해제(중요내용공시)	유가증권시장본부
미래에셋생명	유	2026.03.04	매매거래정지및정지해제(중요내용공시)	유가증권시장본부
덴티움	유	2026.03.04	매매거래정지및정지해제(중요내용공시)	유가증권시장본부
제일연마	유	2026.03.03	매매거래정지및정지해제(중요내용공시)	유가증권시장본부
블루산업개발	유	2026.02.25	매매거래정지및정지해제(중요내용공시)	유가증권시장본부
에이프로젠	유	2026.02.23	매매거래정지및정지해제(중요내용공시)	유가증권시장본부
에이프로젠바이오로직스	유	2026.02.23	매매거래정지및정지해제(중요내용공시)	유가증권시장본부
영흥	유	2026.02.23	매매거래정지및정지해제(중요내용공시)	유가증권시장본부
씨케이솔루션	유	2026.02.12	매매거래정지및정지해제(중요내용공시)	유가증권시장본부
동국홀딩스	유	2026.02.11	매매거래정지및정지해제(중요내용공시)	유가증권시장본부
현대홈쇼핑	기	2026.02.11	매매거래정지및정지해제(중요내용공시)	유가증권시장본부
현대지에프홀딩스	유	2026.02.11	매매거래정지및정지해제(중요내용공시)	유가증권시장본부
한화 IR	유	2026.01.14	매매거래정지및정지해제(중요내용공시)	유가증권시장본부
대한제강	유	2025.12.22	매매거래정지및정지해제(중요내용공시)	유가증권시장본부
신라교역	유	2025.12.19	매매거래정지및정지해제(중요내용공시)	유가증권시장본부
대우건설	유	2025.12.16	매매거래정지및정지해제(중요내용공시)	유가증권시장본부
미스토홀딩스	유	2025.12.16	매매거래정지및정지해제(중요내용공시)	유가증권시장본부
에이블씨엔씨	유	2025.12.11	매매거래정지및정지해제(중요내용공시)	유가증권시장본부
코오롱이앤피	기	2025.11.24	매매거래정지및정지해제(중요내용공시)	유가증권시장본부
NH투자증권	유	2025.11.07	매매거래정지및정지해제(중요내용공시)	유가증권시장본부
세아특수강	기	2025.10.30	매매거래정지및정지해제(중요내용공시)	유가증권시장본부
신세계인터내셔날	유	2025.10.28	매매거래정지및정지해제(중요내용공시)	유가증권시장본부
SIMPAC	유	2025.10.02	매매거래정지및정지해제(중요내용공시)	유가증권시장본부
호텔신라	유	2025.09.18	매매거래정지및정지해제(중요내용공시)	유가증권시장본부
일양약품	유	2025.09.10	매매거래정지및정지해제(풍문등조회공시)	유가증권시장본부
신세계푸드	기	2025.08.28	매매거래정지및정지해제(중요내용공시)	유가증권시장본부
KPX케미칼	유	2025.08.28	매매거래정지및정지해제(중요내용공시)	유가증권시장본부
에이치디현대미포	기	2025.08.27	매매거래정지및정지해제(중요내용공시)	유가증권시장본부
HD현대중공업	유	2025.08.27	매매거래정지및정지해제(중요내용공시)	유가증권시장본부
코오롱모빌리티그룹	기	2025.08.07	매매거래정지및정지해제(중요내용공시)	유가증권시장본부
트리니티항공	유	2025.08.07	매매거래정지및정지해제(중요내용공시)	유가증권시장본부
한일현대시멘트	기	2025.07.17	매매거래정지및정지해제(중요내용공시)	유가증권시장본부
신성통상	기	2025.07.17	매매거래정지및정지해제(중요내용공시) (상장폐지신청)	유가증권시장본부
STX그린로지스	유	2025.07.03	매매거래정지및정지해제(풍문등조회공시)	유가증권시장본부
STX그린로지스	유	2025.07.02	매매거래정지및정지해제(풍문등조회공시)	유가증권시장본부
STX	유	2025.07.02	매매거래정지및정지해제(풍문등조회공시)	유가증권시장본부
코오롱글로벌	유	2025.07.01	매매거래정지및정지해제(중요내용공시)	유가증권시장본부
에이치디현대인프라코어	기	2025.07.01	매매거래정지및정지해제(중요내용공시)	유가증권시장본부
HD건설기계	유	2025.07.01	매매거래정지및정지해제(중요내용공시)	유가증권시장본부
동성제약	유	2025.06.24	매매거래정지및정지해제(풍문등조회공시)	유가증권시장본부
HLB글로벌	유	2025.06.20	매매거래정지및정지해제(중요내용공시)	유가증권시장본부
한솔테크닉스	유	2025.06.20	매매거래정지및정지해제(중요내용공시)	유가증권시장본부
경보제약	유	2025.06.12	매매거래정지및정지해제(중요내용공시)	유가증권시장본부
한솔피엔에스	기	2025.06.10	매매거래정지및정지해제(중요내용공시)	유가증권시장본부
삼양홀딩스	유	2025.05.30	매매거래정지및정지해제(중요내용공시)	유가증권시장본부
삼성바이오로직스	유	2025.05.22	매매거래정지및정지해제(중요내용공시)	유가증권시장본부
IPARK현대산업개발	유	2025.05.16	매매거래정지및정지해제(중요내용공시)	유가증권시장본부
삼익THK	유	2025.05.09	매매거래정지및정지해제(풍문등조회공시)	유가증권시장본부
동성제약	유	2025.05.07	매매거래정지및정지해제(풍문등조회공시)	유가증권시장본부
미래산업 IR	유	2025.04.16	매매거래정지및정지해제(중요내용공시)	유가증권시장본부
동원산업 IR	유	2025.04.14	매매거래정지및정지해제(중요내용공시)	유가증권시장본부
동원F&B	기	2025.04.14	매매거래정지및정지해제(중요내용공시)	유가증권시장본부
이엔플러스	유	2025.04.07	매매거래정지및정지해제(풍문등조회공시)	유가증권시장본부
티에이치엔	유	2025.03.31	매매거래정지및정지해제(중요내용공시)	유가증권시장본부
금양	유	2025.03.21	매매거래정지및정지해제(풍문등조회공시)	유가증권시장본부
다이나믹디자인	유	2025.03.21	매매거래정지및정지해제(풍문등조회공시)	유가증권시장본부
KC그린홀딩스	유	2025.03.19	매매거래정지및정지해제(풍문등조회공시)	유가증권시장본부
KC코트렐	유	2025.03.19	매매거래정지및정지해제(풍문등조회공시)	유가증권시장본부
제이에스코퍼레이션 IR	유	2025.03.19	매매거래정지및정지해제(중요내용공시)	유가증권시장본부
대성산업	유	2025.03.12	매매거래정지및정지해제(중요내용공시)	유가증권시장본부
참엔지니어링	유	2025.03.11	매매거래정지및정지해제(중요내용공시)	유가증권시장본부
KG모빌리티	유	2025.03.10	매매거래정지및정지해제(중요내용공시)	유가증권시장본부
이엔플러스	유	2025.02.28	매매거래정지및정지해제(중요내용공시)	유가증권시장본부
KC코트렐	유	2025.02.27	매매거래정지및정지해제(중요내용공시)	유가증권시장본부
모토닉	유	2025.02.03	매매거래정지및정지해제(중요내용공시)	유가증권시장본부
SNT모티브	유	2025.01.14	매매거래정지및정지해제(중요내용공시)	유가증권시장본부
아센디오	유	2025.01.13	매매거래정지및정지해제(중요내용공시)	유가증권시장본부
경보제약	유	2024.12.27	매매거래정지및정지해제(풍문등조회공시)	유가증권시장본부
진양화학	유	2024.12.27	매매거래정지및정지해제(중요내용공시)	유가증권시장본부
우양피앤엘	유	2024.12.16	매매거래정지및정지해제(중요내용공시)	유가증권시장본부
교촌에프앤비	유	2024.12.13	매매거래정지및정지해제(중요내용공시)	유가증권시장본부
KISCO홀딩스	유	2024.12.13	매매거래정지및정지해제(중요내용공시)	유가증권시장본부
한국철강	유	2024.12.13	매매거래정지및정지해제(중요내용공시)	유가증권시장본부
우성머티리얼스	유	2024.12.12	매매거래정지및정지해제(중요내용공시)	유가증권시장본부
효성티앤씨	유	2024.12.12	매매거래정지및정지해제(중요내용공시)	유가증권시장본부
효성화학	유	2024.12.12	매매거래정지및정지해제(중요내용공시)	유가증권시장본부
동원산업 IR	유	2024.12.12	매매거래정지및정지해제(중요내용공시)	유가증권시장본부
DKME	유	2024.11.26	매매거래정지및정지해제(풍문등조회공시)	유가증권시장본부
빙그레	유	2024.11.22	매매거래정지및정지해제(중요내용공시)	유가증권시장본부
신세계건설	기	2024.11.14	매매거래정지및정지해제(중요내용공시)	유가증권시장본부
디아이동일	유	2024.11.14	매매거래정지및정지해제(중요내용공시)	유가증권시장본부
DS단석	유	2024.11.11	매매거래정지및정지해제(중요내용공시)	유가증권시장본부
지누스 IR	유	2024.11.04	매매거래정지및정지해제(중요내용공시)	유가증권시장본부
동부건설	유	2024.10.30	매매거래정지및정지해제(중요내용공시)	유가증권시장본부
금양	유	2024.10.28	매매거래정지및정지해제(불성실공시)	유가증권시장본부
코리안리	유	2024.10.23	매매거래정지및정지해제(중요내용공시)	유가증권시장본부
고려아연	유	2024.10.02	매매거래정지및정지해제(중요내용공시)	유가증권시장본부
GS건설 IR	유	2024.09.30	매매거래정지및정지해제(중요내용공시)	유가증권시장본부
신세계I&C	유	2024.09.26	매매거래정지및정지해제(중요내용공시)	유가증권시장본부
다이나믹디자인	유	2024.09.11	매매거래정지및정지해제(중요내용공시)	유가증권시장본부
락앤락	기	2024.08.30	매매거래정지및정지해제(중요내용공시)	유가증권시장본부
KC그린홀딩스	유	2024.08.27	매매거래정지및정지해제(중요내용공시)	유가증권시장본부
KC그린홀딩스	유	2024.08.14	매매거래정지및정지해제(중요내용공시)	유가증권시장본부
KC코트렐	유	2024.08.14	매매거래정지및정지해제(중요내용공시)	유가증권시장본부
SK이터닉스 IR	유	2024.08.05	매매거래정지및정지해제(중요내용공시)	유가증권시장본부
SK이노베이션	유	2024.07.17	매매거래정지및정지해제(중요내용공시)	유가증권시장본부
두산로보틱스	유	2024.07.11	매매거래정지및정지해제(중요내용공시)	유가증권시장본부
두산밥캣	유	2024.07.11	매매거래정지및정지해제(중요내용공시)	유가증권시장본부
두산에너빌리티 IR	유	2024.07.11	매매거래정지및정지해제(중요내용공시)	유가증권시장본부
현대글로비스	유	2024.06.28	매매거래정지및정지해제(중요내용공시)	유가증권시장본부
코아스	유	2024.06.21	매매거래정지및정지해제(중요내용공시)	유가증권시장본부
대동전자	기	2024.06.18	매매거래정지및정지해제(풍문등조회공시)	유가증권시장본부
SIMPAC	유	2024.06.17	매매거래정지및정지해제(중요내용공시)	유가증권시장본부
DN오토모티브	유	2024.06.12	매매거래정지및정지해제(중요내용공시)	유가증권시장본부
동아타이어공업	기	2024.06.12	매매거래정지및정지해제(중요내용공시)	유가증권시장본부
GS리테일	유	2024.06.03	매매거래정지및정지해제(중요내용공시)	유가증권시장본부
경동나비엔	유	2024.05.08	매매거래정지및정지해제(중요내용공시)	유가증권시장본부
쌍용씨앤이	기	2024.04.23	매매거래정지및정지해제(중요내용공시)	유가증권시장본부
한화에어로스페이스	유	2024.04.05	매매거래정지및정지해제(중요내용공시)	유가증권시장본부
SNT에너지	유	2024.03.29	매매거래정지및정지해제(중요내용공시)	유가증권시장본부
한창	유	2024.03.28	[기재정정] 매매거래정지및정지해제(풍문등조회공시)	유가증권시장본부
한창	유	2024.03.28	매매거래정지및정지해제(풍문등조회공시)	유가증권시장본부
경보제약	유	2024.03.27	매매거래정지및정지해제(풍문등조회공시)	유가증권시장본부
NH투자증권	유	2024.03.21	매매거래정지및정지해제(중요내용공시)	유가증권시장본부
광주신세계	유	2024.02.28	매매거래정지및정지해제(중요내용공시)	유가증권시장본부
효성	유	2024.02.23	매매거래정지및정지해제(중요내용공시)	유가증권시장본부
풍산홀딩스	유	2024.02.14	매매거래정지및정지해제(중요내용공시)	유가증권시장본부
신세계건설	기	2024.02.14	매매거래정지및정지해제(중요내용공시)	유가증권시장본부
국보	기	2024.02.13	매매거래정지및정지해제(중요내용공시)	유가증권시장본부
동부건설	유	2024.02.08	매매거래정지및정지해제(중요내용공시)	유가증권시장본부
동부건설	유	2024.02.01	매매거래정지및정지해제(중요내용공시)	유가증권시장본부
GS건설 IR	유	2024.02.01	매매거래정지및정지해제(중요내용공시)	유가증권시장본부
GS건설 IR	유	2024.02.01	매매거래정지및정지해제(중요내용공시)	유가증권시장본부
동원산업 IR	유	2024.01.16	매매거래정지및정지해제(중요내용공시)	유가증권시장본부
에이프로젠바이오로직스	유	2024.01.12	매매거래정지및정지해제(중요내용공시)	유가증권시장본부
더블유게임즈 IR	유	2024.01.03	매매거래정지및정지해제(중요내용공시)	유가증권시장본부
