종목명	시장	접수일자	정지사유	제출인
제일엠앤에스	코	2026.09.18		코스닥시장본부
자비스	코	2026.09.18	주식의 병합, 분할 등 전자등록 변경, 말소	코스닥시장본부
옴니시스템	코	2026.09.18	주식의 병합, 분할 등 전자등록 변경, 말소	코스닥시장본부
삼영이엔씨	코	2026.09.18		코스닥시장본부
교보16호스팩	코	2026.09.18	SPAC 합병(예비심사청구대상)	코스닥시장본부
엠젠솔루션	코	2026.09.16	풍문 또는 보도 관련	코스닥시장본부
수성웹툰	코	2026.09.16	상장폐지 사유발생	코스닥시장본부
다원시스	코	2026.09.16	투자자 보호	코스닥시장본부
골드앤에스	코	2026.09.16	상장폐지 사유발생	코스닥시장본부
대림제지	코	2026.09.15	주식의 병합, 분할 등 전자등록 변경, 말소	코스닥시장본부
코나아이	코	2026.09.14	무상증자	코스닥시장본부
케이엠제약	코	2026.09.14	상장폐지 사유발생	코스닥시장본부
젠큐릭스	코	2026.09.14	풍문 또는 보도 관련	코스닥시장본부
신라에스지	코	2026.09.14	상장폐지 사유발생	코스닥시장본부
나우IB	코	2026.09.14	자본감소	코스닥시장본부
루멘스바이오스	코	2026.09.11	자본감소	코스닥시장본부
키움제11호스팩	코	2026.09.10	SPAC 합병(예비심사청구대상)	코스닥시장본부
아즈텍WB	코	2026.09.10	주식의 병합, 분할 등 전자등록 변경, 말소	코스닥시장본부
루멘스바이오스	코	2026.09.10	주식의 병합, 분할 등 전자등록 변경, 말소	코스닥시장본부
아이씨에이치	코	2026.09.09	주식의 병합, 분할 등 전자등록 변경, 말소	코스닥시장본부
캠시스	코	2026.09.08	주식의 병합, 분할 등 전자등록 변경, 말소	코스닥시장본부
중앙첨단소재	코	2026.09.08	주식병합	코스닥시장본부
좋은사람들	코	2026.09.08	주식의 병합, 분할 등 전자등록 변경, 말소	코스닥시장본부
원풍물산	기	2026.09.08	상장폐지사유 발생	코스닥시장본부
시지메드텍	코	2026.09.07	주식의 병합, 분할 등 전자등록 변경, 말소	코스닥시장본부
이브이첨단소재	코	2026.09.04	주식의 병합, 분할 등 전자등록 변경, 말소	코스닥시장본부
아이비젼웍스	코	2026.09.04	주식의 병합, 분할 등 전자등록 변경, 말소	코스닥시장본부
세림B&G	코	2026.09.04	주식의 병합, 분할 등 전자등록 변경, 말소	코스닥시장본부
네오오토	코	2026.09.04	우회상장여부 및 요건충족확인	코스닥시장본부
마이크로디지탈	코	2026.09.03	상장적격성 실질심사 대상 (사유발생)	코스닥시장본부
제이스로보틱스	코	2026.09.02	단일판매공급계약	코스닥시장본부
베노티앤알	코	2026.09.02	자본감소	코스닥시장본부
미트박스	코	2026.09.02	무상증자	코스닥시장본부
교보15호기업인수목적	기	2026.09.02	상장폐지 사유발생	코스닥시장본부
코이즈	기	2026.09.01	상장폐지 사유발생	코스닥시장본부
샤페론	코	2026.09.01	주식의 병합, 분할 등 전자등록 변경, 말소	코스닥시장본부
신영해피투모로우제10호기업인수목적	기	2026.08.31	상장폐지 사유발생	코스닥시장본부
LK삼양	코	2026.08.31	주식의 병합, 분할 등 전자등록 변경, 말소	코스닥시장본부
다산솔루에타 IR	코	2026.08.28	주식의 병합, 분할 등 전자등록 변경, 말소	코스닥시장본부
다산디엠씨	코	2026.08.28	주식의 병합, 분할 등 전자등록 변경, 말소	코스닥시장본부
유니슨	코	2026.08.27	단일판매공급계약	코스닥시장본부
랩지노믹스	코	2026.08.27	주식의 병합, 분할 등 전자등록 변경, 말소	코스닥시장본부
한국첨단소재	코	2026.08.26	우회상장여부 및 요건충족확인	코스닥시장본부
키이스트	코	2026.08.26	단일판매공급계약	코스닥시장본부
이스트에이드	코	2026.08.25	주식의 병합, 분할 등 전자등록 변경, 말소	코스닥시장본부
유비온 IR	코	2026.08.25	주식의 병합, 분할 등 전자등록 변경, 말소	코스닥시장본부
삼보산업	코	2026.08.25	주식의 병합, 분할 등 전자등록 변경, 말소	코스닥시장본부
케이바이오랩스	코	2026.08.24	주식의 병합, 분할 등 전자등록 변경, 말소	코스닥시장본부
딥커머스	코	2026.08.21	주식의 병합, 분할 등 전자등록 변경, 말소	코스닥시장본부
대창솔루션 IR	코	2026.08.21	단일판매공급계약	코스닥시장본부
파라택시스코리아	코	2026.08.20	투자자 보호	코스닥시장본부
씨엑스아이	코	2026.08.20	주식의 병합, 분할 등 전자등록 변경, 말소	코스닥시장본부
듀오백	코	2026.08.19	상장적격성 실질심사 대상(사유발생)	코스닥시장본부
대신밸런스제17호기업인수목적	기	2026.08.19	상장폐지 사유발생	코스닥시장본부
코아시아씨엠	코	2026.08.18	주식의 병합, 분할 등 전자등록 변경, 말소	코스닥시장본부
케이피항공산업	코	2026.08.18	단일판매공급계약	코스닥시장본부
진영	코	2026.08.18	주식의 병합, 분할 등 전자등록 변경, 말소	코스닥시장본부
인콘	코	2026.08.18	주식의 병합, 분할 등 전자등록 변경, 말소	코스닥시장본부
아틀라스링크	코	2026.08.18	주식의 병합, 분할 등 전자등록 변경, 말소	코스닥시장본부
신라섬유	코	2026.08.18	주식의 병합, 분할 등 전자등록 변경, 말소	코스닥시장본부
모비데이즈	코	2026.08.18	주식의 병합, 분할 등 전자등록 변경, 말소	코스닥시장본부
누보	코	2026.08.18	주식의 병합, 분할 등 전자등록 변경, 말소	코스닥시장본부
SDN	코	2026.08.18	주식의 병합, 분할 등 전자등록 변경, 말소	코스닥시장본부
하이딥	코	2026.08.14	주식의 병합, 분할 등 전자등록 변경, 말소	코스닥시장본부
와이즈버즈	코	2026.08.14	주식의 병합, 분할 등 전자등록 변경, 말소	코스닥시장본부
에이비온	코	2026.08.14	상장적격성 실질심사 대상 (사유발생)	코스닥시장본부
디알텍 IR	코	2026.08.14	주식의 병합, 분할 등 전자등록 변경, 말소	코스닥시장본부
노을	코	2026.08.14	주식의 병합, 분할 등 전자등록 변경, 말소	코스닥시장본부
퓨쳐메디신	넥	2026.08.12	지정자문인 선임계약 해지	코넥스시장
제이엔케이글로벌	코	2026.08.11	단일판매공급계약	코스닥시장본부
우리엔터프라이즈	코	2026.08.11	주식의 병합, 분할 등 전자등록 변경, 말소	코스닥시장본부
우리바이오	코	2026.08.11	주식의 병합, 분할 등 전자등록 변경, 말소	코스닥시장본부
빌리언스	코	2026.08.11	주식의 병합, 분할 등 전자등록 변경, 말소	코스닥시장본부
서한	코	2026.08.07	주식의 병합, 분할 등 전자등록 변경, 말소	코스닥시장본부
덕신이피씨	코	2026.08.07	주식의 병합, 분할 등 전자등록 변경, 말소	코스닥시장본부
에스트래픽	코	2026.08.06	영업양수도	코스닥시장본부
CSA 코스믹	코	2026.08.06	주식의 병합, 분할 등 전자등록 변경, 말소	코스닥시장본부
세화피앤씨	코	2026.08.05	주식의 병합, 분할 등 전자등록 변경, 말소	코스닥시장본부
윙스풋	코	2026.08.04	주식의 병합, 분할 등 전자등록 변경, 말소	코스닥시장본부
아스트	코	2026.08.04	주식의 병합, 분할 등 전자등록 변경, 말소	코스닥시장본부
씨이랩	코	2026.08.04	단일판매공급계약	코스닥시장본부
모아라이프플러스	코	2026.08.04	주식의 병합, 분할 등 전자등록 변경, 말소	코스닥시장본부
더라미	코	2026.08.04	주식의 병합, 분할 등 전자등록 변경, 말소	코스닥시장본부
국영지앤엠	코	2026.08.04	주식의 병합, 분할 등 전자등록 변경, 말소	코스닥시장본부
체리부로	코	2026.08.03	주식의 병합, 분할 등 전자등록 변경, 말소	코스닥시장본부
우듬지팜	코	2026.08.03	주식의 병합, 분할 등 전자등록 변경, 말소	코스닥시장본부
조아제약	코	2026.07.31	주식의 병합, 분할 등 전자등록 변경, 말소	코스닥시장본부
엘앤씨바이오	코	2026.07.31	무상증자	코스닥시장본부
시그네틱스	코	2026.07.31	주식의 병합, 분할 등 전자등록 변경, 말소	코스닥시장본부
나노실리칸첨단소재	코	2026.07.31	주식의 병합, 분할 등 전자등록 변경, 말소	코스닥시장본부
파루	코	2026.07.30	주식의 병합, 분할 등 전자등록 변경, 말소	코스닥시장본부
대진첨단소재	코	2026.07.30	투자자 보호	코스닥시장본부
피플바이오	코	2026.07.29	주식의 병합, 분할 등 전자등록 변경, 말소	코스닥시장본부
미스터블루	코	2026.07.29	주식의 병합, 분할 등 전자등록 변경, 말소	코스닥시장본부
드림어스컴퍼니	코	2026.07.28	주식의 병합, 분할 등 전자등록 변경, 말소	코스닥시장본부
한화플러스제5호스팩	코	2026.07.27	SPAC 합병(예비심사청구대상)	코스닥시장본부
한국캐피탈	코	2026.07.27	주식의 병합, 분할 등 전자등록 변경, 말소	코스닥시장본부
티엔엔터테인먼트	코	2026.07.27	주식의 병합, 분할 등 전자등록 변경, 말소	코스닥시장본부
에스아이리소스	코	2026.07.27	주식의 병합, 분할 등 전자등록 변경, 말소	코스닥시장본부
덕신이피씨	코	2026.07.27		코스닥시장본부
한울앤제주	코	2026.07.24	주식의 병합, 분할 등 전자등록 변경, 말소	코스닥시장본부
코미코	코	2026.07.24	주식의 병합, 분할 등 전자등록 변경, 말소	코스닥시장본부
우리이앤엘하루틴	코	2026.07.24	주식의 병합, 분할 등 전자등록 변경, 말소	코스닥시장본부
라온피플	코	2026.07.24	주식의 병합, 분할 등 전자등록 변경, 말소	코스닥시장본부
덕신이피씨	코	2026.07.24	주식의 병합, 분할 등 전자등록 변경, 말소	코스닥시장본부
나이스정보통신	코	2026.07.24	주식분할	코스닥시장본부
티앤엘	코	2026.07.23	무상증자	코스닥시장본부
컴투스엔	코	2026.07.22	주식의 병합, 분할 등 전자등록 변경, 말소	코스닥시장본부
아티스트컴퍼니	코	2026.07.22	영업양수도	코스닥시장본부
스트라드비젼	코	2026.07.22	단일판매공급계약	코스닥시장본부
덱스터	코	2026.07.22	풍문 또는 보도 관련	코스닥시장본부
대신정보통신	코	2026.07.22	주식병합	코스닥시장본부
파라텍	코	2026.07.21	주식의 병합, 분할 등 전자등록 변경, 말소	코스닥시장본부
베셀	코	2026.07.21	주식의 병합, 분할 등 전자등록 변경, 말소	코스닥시장본부
KS인더스트리	코	2026.07.21	주식의 병합, 분할 등 전자등록 변경, 말소	코스닥시장본부
하나30호기업인수목적	기	2026.07.20	상장폐지 사유발생	코스닥시장본부
모바일어플라이언스	코	2026.07.20	상장적격성 실질심사 대상 (사유발생)	코스닥시장본부
헝셩그룹	코	2026.07.16	주식병합	코스닥시장본부
츌립앤사이언스	코	2026.07.16	주식의 병합, 분할 등 전자등록 변경, 말소	코스닥시장본부
엑사이엔씨	코	2026.07.16	주식의 병합, 분할 등 전자등록 변경, 말소	코스닥시장본부
알테오젠	코	2026.07.16	무상증자	코스닥시장본부
아이윈	코	2026.07.16	주식의 병합, 분할 등 전자등록 변경, 말소	코스닥시장본부
엣지파운드리	코	2026.07.15	주식의 병합, 분할 등 전자등록 변경, 말소	코스닥시장본부
프롬바이오	코	2026.07.14	주식의 병합, 분할 등 전자등록 변경, 말소	코스닥시장본부
지엘팜텍	코	2026.07.14	주식의 병합, 분할 등 전자등록 변경, 말소	코스닥시장본부
아이비케이에스제23호기업인수목적	기	2026.07.14	상장폐지 사유발생	코스닥시장본부
블리츠웨이엔터테인먼트	코	2026.07.14	주식의 병합, 분할 등 전자등록 변경, 말소	코스닥시장본부
한국첨단소재	코	2026.07.13	주식의 병합, 분할 등 전자등록 변경, 말소	코스닥시장본부
코세스	코	2026.07.13	단일판매공급계약	코스닥시장본부
이브이첨단소재	코	2026.07.13	자본감소	코스닥시장본부
유진테크놀로지	코	2026.07.13	무상증자	코스닥시장본부
RF머트리얼즈	코	2026.07.10	무상증자	코스닥시장본부
웨이버스	코	2026.07.08	주식의 병합, 분할 등 전자등록 변경, 말소	코스닥시장본부
비큐AI	코	2026.07.08	주식의 병합, 분할 등 전자등록 변경, 말소	코스닥시장본부
CSA 코스믹	코	2026.07.08	주식의 병합, 분할 등 전자등록 변경, 말소	코스닥시장본부
청보	코	2026.07.07	주식의 병합, 분할 등 전자등록 변경, 말소	코스닥시장본부
위지윅스튜디오	기	2026.07.07	주식의 병합, 분할 등 전자등록 변경, 말소	코스닥시장본부
씨이랩	코	2026.07.07	단일판매공급계약	코스닥시장본부
부스타	코	2026.07.07	무상증자	코스닥시장본부
루트K	코	2026.07.07	주식의 병합, 분할 등 전자등록 변경, 말소	코스닥시장본부
데이타솔루션	코	2026.07.07	단일판매공급계약	코스닥시장본부
GMI벤처	코	2026.07.06	주식의 병합, 분할 등 전자등록 변경, 말소	코스닥시장본부
인크레더블버즈 IR	코	2026.07.03	투자자 보호	코스닥시장본부
유틸렉스	코	2026.07.03	투자자 보호	코스닥시장본부
필에너지	코	2026.07.01	단일판매공급계약	코스닥시장본부
MSDI	코	2026.07.01	주식의 병합, 분할 등 전자등록 변경, 말소	코스닥시장본부
이엠티	넥	2026.06.30	사업보고서 미제출	코넥스시장
유진스팩10호	코	2026.06.30	SPAC 합병(예비심사청구대상)	코스닥시장본부
디젠스	코	2026.06.30	주식의 병합, 분할 등 전자등록 변경, 말소	코스닥시장본부
KNN	코	2026.06.30	주식의 병합, 분할 등 전자등록 변경, 말소	코스닥시장본부
IBKS제25호스팩	코	2026.06.30	SPAC 합병(예비심사청구대상)	코스닥시장본부
플리토 IR	코	2026.06.29	단일판매공급계약	코스닥시장본부
큐리오시스	코	2026.06.29	무상증자	코스닥시장본부
큐라티스	코	2026.06.26	주식의 병합, 분할 등 전자등록 변경, 말소	코스닥시장본부
케스피온	코	2026.06.25	주식의 병합, 분할 등 전자등록 변경, 말소	코스닥시장본부
예선테크	코	2026.06.25	주식의 병합, 분할 등 전자등록 변경, 말소	코스닥시장본부
토비스	코	2026.06.24	주식의 병합, 분할 등 전자등록 변경, 말소	코스닥시장본부
KS인더스트리	코	2026.06.24	자본감소	코스닥시장본부
지슨	코	2026.06.23	주식의 병합, 분할 등 전자등록 변경, 말소	코스닥시장본부
동일기연	코	2026.06.19	주식의 병합, 분할 등 전자등록 변경, 말소	코스닥시장본부
IBKS제24호스팩	코	2026.06.19	SPAC 합병(예비심사청구대상)	코스닥시장본부
엔젠바이오	코	2026.06.18	주식의 병합, 분할 등 전자등록 변경, 말소	코스닥시장본부
인산가	코	2026.06.17	주식의 병합, 분할 등 전자등록 변경, 말소	코스닥시장본부
한탑	코	2026.06.16	주식의 병합, 분할 등 전자등록 변경, 말소	코스닥시장본부
제이케이시냅스	코	2026.06.16	주식의 병합, 분할 등 전자등록 변경, 말소	코스닥시장본부
이렘	코	2026.06.16	주식의 병합, 분할 등 전자등록 변경, 말소	코스닥시장본부
알지노믹스	코	2026.06.15	무상증자	코스닥시장본부
현대사료	코	2026.06.12	투자자 보호	코스닥시장본부
에스아이리소스	코	2026.06.12	조회공시 신고시한 위반	코스닥시장본부
소노스퀘어	코	2026.06.12	주식의 병합, 분할 등 전자등록 변경, 말소	코스닥시장본부
세종메디칼	코	2026.06.12	투자자 보호	코스닥시장본부
GMI벤처	코	2026.06.12	주식의 병합, 분할 등 전자등록 변경, 말소	코스닥시장본부
DH오토웨어	코	2026.06.10	주식의 병합, 분할 등 전자등록 변경, 말소	코스닥시장본부
하나기술	코	2026.06.09	단일판매공급계약	코스닥시장본부
티에스넥스젠	코	2026.06.09	투자자 보호	코스닥시장본부
셀레스트라 IR	코	2026.06.09	투자자 보호	코스닥시장본부
에코마케팅	기	2026.06.08	주식의 병합, 분할 등 전자등록 변경, 말소	코스닥시장본부
한국제13호기업인수목적	기	2026.06.05	상장폐지 사유발생	코스닥시장본부
티비씨	코	2026.06.05	주식의 병합, 분할 등 전자등록 변경, 말소	코스닥시장본부
투비소프트	코	2026.06.05	투자자 보호	코스닥시장본부
캔버스엔	코	2026.06.05	주식의 병합, 분할 등 전자등록 변경, 말소	코스닥시장본부
아이에이	코	2026.06.05	주식의 병합, 분할 등 전자등록 변경, 말소	코스닥시장본부
기가레인	코	2026.06.05	주식의 병합, 분할 등 전자등록 변경, 말소	코스닥시장본부
팡스카이	넥	2026.06.04		코넥스시장
오에스피	코	2026.06.04	무상증자	코스닥시장본부
썸에이지	코	2026.06.04	주식의 병합, 분할 등 전자등록 변경, 말소	코스닥시장본부
씨엔알리서치	코	2026.06.02	주식의 병합, 분할 등 전자등록 변경, 말소	코스닥시장본부
메이슨캐피탈	코	2026.06.02	주식의 병합, 분할 등 전자등록 변경, 말소	코스닥시장본부
한국비티비	코	2026.06.01	주식의 병합, 분할 등 전자등록 변경, 말소	코스닥시장본부
다이나믹솔루션	코	2026.06.01	주식의 병합, 분할 등 전자등록 변경, 말소	코스닥시장본부
TS인베스트먼트	코	2026.06.01	주식의 병합, 분할 등 전자등록 변경, 말소	코스닥시장본부
퓨쳐켐	코	2026.05.29	무상증자	코스닥시장본부
텔콘RF제약	코	2026.05.29	주식의 병합, 분할 등 전자등록 변경, 말소	코스닥시장본부
우진비앤지	코	2026.05.29	무상증자	코스닥시장본부
케스피온	코	2026.05.28	자본감소	코스닥시장본부
파이온엑스	코	2026.05.26	주식의 병합, 분할 등 전자등록 변경, 말소	코스닥시장본부
크리스탈신소재 IR	코	2026.05.26	주식의 병합, 분할 등 전자등록 변경, 말소	코스닥시장본부
케이피엠테크	코	2026.05.26	주식의 병합, 분할 등 전자등록 변경, 말소	코스닥시장본부
케이비제27호기업인수목적	기	2026.05.26	상장폐지 사유발생	코스닥시장본부
비큐AI	코	2026.05.21	자본감소	코스닥시장본부
플래스크	코	2026.05.20	투자자 보호	코스닥시장본부
오가닉티코스메틱	코	2026.05.20	주식의 병합, 분할 등 전자등록 변경, 말소	코스닥시장본부
휴온스 IR	코	2026.05.18	우회상장여부 및 요건충족확인	코스닥시장본부
HLB생명과학	코	2026.05.15	중요한 영업정지	코스닥시장본부
딥커머스	코	2026.05.14	주식의 병합, 분할 등 전자등록 변경, 말소	코스닥시장본부
엔에이치기업인수목적29호	기	2026.05.13	SPAC 소멸합병	코스닥시장본부
코미코	코	2026.05.12	무상증자	코스닥시장본부
컬러레이	코	2026.05.12	주식의 병합, 분할 등 전자등록 변경, 말소	코스닥시장본부
미래에셋비전스팩7호	코	2026.05.12	SPAC 합병(예비심사청구대상)	코스닥시장본부
네오이뮨텍	코	2026.05.12	주식의 병합, 분할 등 전자등록 변경, 말소	코스닥시장본부
나우코스	기	2026.05.11	주식의 병합, 분할 등 전자등록 변경, 말소	코넥스시장
골드앤에스	코	2026.05.08	주식의 병합, 분할 등 전자등록 변경, 말소	코스닥시장본부
에코볼트	코	2026.05.07	주식의 병합, 분할 등 전자등록 변경, 말소	코스닥시장본부
씨엑스아이	코	2026.05.07	주식의 병합, 분할 등 전자등록 변경, 말소	코스닥시장본부
에이치엠씨아이비제6호기업인수목적	기	2026.05.06	상장폐지 사유발생	코스닥시장본부
딥커머스	코	2026.05.06		코스닥시장본부
웰킵스하이텍	코	2026.04.30	주식의 병합, 분할 등 전자등록 변경, 말소	코스닥시장본부
딥커머스	코	2026.04.30	주식의 병합, 분할 등 전자등록 변경, 말소	코스닥시장본부
조이웍스앤코	코	2026.04.29	주식의 병합, 분할 등 전자등록 변경, 말소	코스닥시장본부
윙입푸드	코	2026.04.29	주식의 병합, 분할 등 전자등록 변경, 말소	코스닥시장본부
엠젠솔루션	코	2026.04.29	주식의 병합, 분할 등 전자등록 변경, 말소	코스닥시장본부
하이퍼코퍼레이션	코	2026.04.28	주식의 병합, 분할 등 전자등록 변경, 말소	코스닥시장본부
카티스	코	2026.04.28	주식의 병합, 분할 등 전자등록 변경, 말소	코스닥시장본부
이원컴포텍	코	2026.04.28	주식의 병합, 분할 등 전자등록 변경, 말소	코스닥시장본부
오성첨단소재	코	2026.04.28	주식의 병합, 분할 등 전자등록 변경, 말소	코스닥시장본부
엔투텍	코	2026.04.28	주식의 병합, 분할 등 전자등록 변경, 말소	코스닥시장본부
앱토크롬	코	2026.04.28	주식의 병합, 분할 등 전자등록 변경, 말소	코스닥시장본부
알에프텍	코	2026.04.28	주식의 병합, 분할 등 전자등록 변경, 말소	코스닥시장본부
아우딘퓨쳐스	코	2026.04.28	주식의 병합, 분할 등 전자등록 변경, 말소	코스닥시장본부
씨엔플러스	코	2026.04.28	주식의 병합, 분할 등 전자등록 변경, 말소	코스닥시장본부
손오공	코	2026.04.28	주식의 병합, 분할 등 전자등록 변경, 말소	코스닥시장본부
소프트캠프	코	2026.04.28	주식의 병합, 분할 등 전자등록 변경, 말소	코스닥시장본부
소프트센	코	2026.04.28	주식의 병합, 분할 등 전자등록 변경, 말소	코스닥시장본부
본느	코	2026.04.28	주식의 병합, 분할 등 전자등록 변경, 말소	코스닥시장본부
넥스트아이	코	2026.04.28	주식의 병합, 분할 등 전자등록 변경, 말소	코스닥시장본부
SGA솔루션즈	코	2026.04.28	주식의 병합, 분할 등 전자등록 변경, 말소	코스닥시장본부
코퍼스코리아	코	2026.04.27	주식의 병합, 분할 등 전자등록 변경, 말소	코스닥시장본부
오에스피	코	2026.04.27	주식의 병합, 분할 등 전자등록 변경, 말소	코스닥시장본부
엔젠바이오	코	2026.04.27	자본감소	코스닥시장본부
삼화네트웍스	코	2026.04.27	주식의 병합, 분할 등 전자등록 변경, 말소	코스닥시장본부
비스토스	코	2026.04.27	주식의 병합, 분할 등 전자등록 변경, 말소	코스닥시장본부
대명에너지	코	2026.04.27	단일판매공급계약	코스닥시장본부
LSK아이로봇	코	2026.04.27	주식의 병합, 분할 등 전자등록 변경, 말소	코스닥시장본부
휴림에이텍	코	2026.04.24	주식의 병합, 분할 등 전자등록 변경, 말소	코스닥시장본부
한주라이트메탈 IR	코	2026.04.24	주식의 병합, 분할 등 전자등록 변경, 말소	코스닥시장본부
폴라리스세원	코	2026.04.24	주식의 병합, 분할 등 전자등록 변경, 말소	코스닥시장본부
패션플랫폼	코	2026.04.24	주식의 병합, 분할 등 전자등록 변경, 말소	코스닥시장본부
파인텍	코	2026.04.24	주식의 병합, 분할 등 전자등록 변경, 말소	코스닥시장본부
청보	코	2026.04.24	자본감소	코스닥시장본부
자연과환경	코	2026.04.24	주식의 병합, 분할 등 전자등록 변경, 말소	코스닥시장본부
이렘	코	2026.04.24	자본감소	코스닥시장본부
유니포인트	넥	2026.04.24	주식의 병합, 분할 등 전자등록 변경, 말소	코넥스시장
위지트	코	2026.04.24	주식의 병합, 분할 등 전자등록 변경, 말소	코스닥시장본부
서울전자통신	코	2026.04.24	주식의 병합, 분할 등 전자등록 변경, 말소	코스닥시장본부
링크드	코	2026.04.24	주식의 병합, 분할 등 전자등록 변경, 말소	코스닥시장본부
리튬포어스	코	2026.04.24	주식의 병합, 분할 등 전자등록 변경, 말소	코스닥시장본부
동일스틸럭스	코	2026.04.24	주식의 병합, 분할 등 전자등록 변경, 말소	코스닥시장본부
뉴로메카	코	2026.04.24	무상증자	코스닥시장본부
글로벌에스엠	코	2026.04.24	주식의 병합, 분할 등 전자등록 변경, 말소	코스닥시장본부
큐캐피탈 IR	코	2026.04.23	주식의 병합, 분할 등 전자등록 변경, 말소	코스닥시장본부
우진비앤지	코	2026.04.23	주식의 병합, 분할 등 전자등록 변경, 말소	코스닥시장본부
멤레이비티	코	2026.04.23	주식의 병합, 분할 등 전자등록 변경, 말소	코스닥시장본부
국일제지	코	2026.04.23	주식의 병합, 분할 등 전자등록 변경, 말소	코스닥시장본부
핑거스토리	코	2026.04.22	주식의 병합, 분할 등 전자등록 변경, 말소	코스닥시장본부
포니링크	코	2026.04.22	주식의 병합, 분할 등 전자등록 변경, 말소	코스닥시장본부
이노테나	코	2026.04.22	주식의 병합, 분할 등 전자등록 변경, 말소	코스닥시장본부
에이루트	코	2026.04.22	주식의 병합, 분할 등 전자등록 변경, 말소	코스닥시장본부
에쎈테크	코	2026.04.22	주식의 병합, 분할 등 전자등록 변경, 말소	코스닥시장본부
신한제11호기업인수목적	기	2026.04.22	상장폐지 사유발생	코스닥시장본부
상보	코	2026.04.22	주식의 병합, 분할 등 전자등록 변경, 말소	코스닥시장본부
대동기어	코	2026.04.22	무상증자	코스닥시장본부
SBI인베스트먼트	코	2026.04.22	주식의 병합, 분할 등 전자등록 변경, 말소	코스닥시장본부
CS	코	2026.04.22	주식의 병합, 분할 등 전자등록 변경, 말소	코스닥시장본부
포인트엔지니어링	코	2026.04.21	주식의 병합, 분할 등 전자등록 변경, 말소	코스닥시장본부
윈팩	코	2026.04.21	주식의 병합, 분할 등 전자등록 변경, 말소	코스닥시장본부
엑스플러스	코	2026.04.21	주식의 병합, 분할 등 전자등록 변경, 말소	코스닥시장본부
앤씨앤	코	2026.04.21	주식의 병합, 분할 등 전자등록 변경, 말소	코스닥시장본부
씨유메디칼	코	2026.04.21	주식의 병합, 분할 등 전자등록 변경, 말소	코스닥시장본부
비츠로시스	코	2026.04.21	주식의 병합, 분할 등 전자등록 변경, 말소	코스닥시장본부
벨로크	코	2026.04.21	주식의 병합, 분할 등 전자등록 변경, 말소	코스닥시장본부
딜리	코	2026.04.21	주식의 병합, 분할 등 전자등록 변경, 말소	코스닥시장본부
디에스엠	코	2026.04.21	주식의 병합, 분할 등 전자등록 변경, 말소	코스닥시장본부
SG&G	코	2026.04.21	주식의 병합, 분할 등 전자등록 변경, 말소	코스닥시장본부
HLB바이오스텝 IR	코	2026.04.21	주식의 병합, 분할 등 전자등록 변경, 말소	코스닥시장본부
CNT85	코	2026.04.21	주식의 병합, 분할 등 전자등록 변경, 말소	코스닥시장본부
풍전약품	코	2026.04.20	주식의 병합, 분할 등 전자등록 변경, 말소	코스닥시장본부
엔에이치기업인수목적30호	기	2026.04.20	SPAC 소멸합병	코스닥시장본부
조이웍스앤코	코	2026.04.17	무상증자	코스닥시장본부
원풍물산	기	2026.04.15	주식의 병합, 분할 등 전자등록 변경, 말소	코스닥시장본부
솔트웨어	코	2026.04.15	주식의 병합, 분할 등 전자등록 변경, 말소	코스닥시장본부
비트플래닛	코	2026.04.15	주식의 병합, 분할 등 전자등록 변경, 말소	코스닥시장본부
큐라티스	코	2026.04.14	자본감소	코스닥시장본부
엘컴텍	코	2026.04.14	주식의 병합, 분할 등 전자등록 변경, 말소	코스닥시장본부
에코볼트	코	2026.04.14	주식의 병합, 분할 등 전자등록 변경, 말소	코스닥시장본부
사토시홀딩스 IR	코	2026.04.14	주식의 병합, 분할 등 전자등록 변경, 말소	코스닥시장본부
한울반도체	코	2026.04.10	주식의 병합, 분할 등 전자등록 변경, 말소	코스닥시장본부
티엘비	코	2026.04.10	무상증자	코스닥시장본부
오션인더블유	코	2026.04.10	주식의 병합, 분할 등 전자등록 변경, 말소	코스닥시장본부
엑시온그룹	코	2026.04.10	주식의 병합, 분할 등 전자등록 변경, 말소	코스닥시장본부
썸에이지	코	2026.04.10	자본감소	코스닥시장본부
디바이스	코	2026.04.10	무상증자	코스닥시장본부
휴마시스	코	2026.04.09	주식의 병합, 분할 등 전자등록 변경, 말소	코스닥시장본부
한국미라클피플사	넥	2026.04.09	주식의 병합, 분할 등 전자등록 변경, 말소	코넥스시장
크레오에스지	코	2026.04.09	주식의 병합, 분할 등 전자등록 변경, 말소	코스닥시장본부
코스리거글로벌	코	2026.04.09	주식의 병합, 분할 등 전자등록 변경, 말소	코스닥시장본부
코디	코	2026.04.09	주식의 병합, 분할 등 전자등록 변경, 말소	코스닥시장본부
케이피엠테크	코	2026.04.09	주식의 병합, 분할 등 전자등록 변경, 말소	코스닥시장본부
케이엠제약	코	2026.04.09	주식의 병합, 분할 등 전자등록 변경, 말소	코스닥시장본부
케이바이오랩스	코	2026.04.09	주식의 병합, 분할 등 전자등록 변경, 말소	코스닥시장본부
지니틱스	코	2026.04.09	주식의 병합, 분할 등 전자등록 변경, 말소	코스닥시장본부
인콘	코	2026.04.09	주식의 병합, 분할 등 전자등록 변경, 말소	코스닥시장본부
유디엠텍	코	2026.04.09	주식의 병합, 분할 등 전자등록 변경, 말소	코스닥시장본부
앱튼	코	2026.04.09	주식의 병합, 분할 등 전자등록 변경, 말소	코스닥시장본부
아이퀘스트	코	2026.04.09	주식의 병합, 분할 등 전자등록 변경, 말소	코스닥시장본부
빌리언스	코	2026.04.09	주식의 병합, 분할 등 전자등록 변경, 말소	코스닥시장본부
모아텍	코	2026.04.09	이익소각	코스닥시장본부
경남제약	코	2026.04.09	주식의 병합, 분할 등 전자등록 변경, 말소	코스닥시장본부
TS트릴리온	코	2026.04.09	주식의 병합, 분할 등 전자등록 변경, 말소	코스닥시장본부
HC홈센타	코	2026.04.09	주식의 병합, 분할 등 전자등록 변경, 말소	코스닥시장본부
파인디앤씨	코	2026.04.08	주식의 병합, 분할 등 전자등록 변경, 말소	코스닥시장본부
큐로홀딩스	코	2026.04.08	주식의 병합, 분할 등 전자등록 변경, 말소	코스닥시장본부
졸스	코	2026.04.08	주식의 병합, 분할 등 전자등록 변경, 말소	코스닥시장본부
엔시트론	코	2026.04.08	주식의 병합, 분할 등 전자등록 변경, 말소	코스닥시장본부
에스코넥	코	2026.04.08	주식의 병합, 분할 등 전자등록 변경, 말소	코스닥시장본부
상상인제4호기업인수목적	기	2026.04.08	상장폐지 사유발생	코스닥시장본부
바른손이앤에이	코	2026.04.08	주식의 병합, 분할 등 전자등록 변경, 말소	코스닥시장본부
뉴온	코	2026.04.08	주식의 병합, 분할 등 전자등록 변경, 말소	코스닥시장본부
GMI벤처	코	2026.04.08	자본감소	코스닥시장본부
형지I&C	코	2026.04.07	주식의 병합, 분할 등 전자등록 변경, 말소	코스닥시장본부
한울앤제주	코	2026.04.07	주식의 병합, 분할 등 전자등록 변경, 말소	코스닥시장본부
판타지오	코	2026.04.07	주식의 병합, 분할 등 전자등록 변경, 말소	코스닥시장본부
파라택시스코리아	코	2026.04.07	상장적격성 실질심사 대상(사유발생)	코스닥시장본부
티사이언티픽	코	2026.04.07	주식의 병합, 분할 등 전자등록 변경, 말소	코스닥시장본부
지엔코	코	2026.04.07	주식의 병합, 분할 등 전자등록 변경, 말소	코스닥시장본부
인화정공	코	2026.04.07	주식의 병합, 분할 등 전자등록 변경, 말소	코스닥시장본부
인포바인	코	2026.04.07	주식의 병합, 분할 등 전자등록 변경, 말소	코스닥시장본부
위즈코프	코	2026.04.07	주식의 병합, 분할 등 전자등록 변경, 말소	코스닥시장본부
와이씨켐	코	2026.04.07	주식의 병합, 분할 등 전자등록 변경, 말소	코스닥시장본부
알파AI	코	2026.04.07	풍문 또는 보도 관련	코스닥시장본부
아이오케이이엔엠	코	2026.04.07	주식의 병합, 분할 등 전자등록 변경, 말소	코스닥시장본부
스코넥	코	2026.04.07	풍문 또는 보도 관련	코스닥시장본부
휴맥스홀딩스	코	2026.04.06	주식의 병합, 분할 등 전자등록 변경, 말소	코스닥시장본부
휴맥스	코	2026.04.06	주식의 병합, 분할 등 전자등록 변경, 말소	코스닥시장본부
한국유니온제약	코	2026.04.06	투자자 보호	코스닥시장본부
팬스타엔터프라이즈	코	2026.04.06	주식의 병합, 분할 등 전자등록 변경, 말소	코스닥시장본부
타이드	넥	2026.04.06	풍문 또는 보도 관련	코넥스시장
케스피온	코	2026.04.06	주식의 병합, 분할 등 전자등록 변경, 말소	코스닥시장본부
재영솔루텍	코	2026.04.06	주식의 병합, 분할 등 전자등록 변경, 말소	코스닥시장본부
이미지스 IR	코	2026.04.06	주식의 병합, 분할 등 전자등록 변경, 말소	코스닥시장본부
에코글로우	코	2026.04.06	주식의 병합, 분할 등 전자등록 변경, 말소	코스닥시장본부
센서뷰	코	2026.04.06	주식의 병합, 분할 등 전자등록 변경, 말소	코스닥시장본부
뉴인텍	코	2026.04.06	주식의 병합, 분할 등 전자등록 변경, 말소	코스닥시장본부
MDS테크	코	2026.04.06	주식의 병합, 분할 등 전자등록 변경, 말소	코스닥시장본부
휴럼	코	2026.04.03	주식의 병합, 분할 등 전자등록 변경, 말소	코스닥시장본부
한주에이알티	코	2026.04.03	주식의 병합, 분할 등 전자등록 변경, 말소	코스닥시장본부
에코마케팅	기	2026.04.03	주식교환, 이전	코스닥시장본부
알티캐스트	코	2026.04.03	주식의 병합, 분할 등 전자등록 변경, 말소	코스닥시장본부
아이티켐	코	2026.04.03	풍문 또는 보도 관련	코스닥시장본부
아이티센엔텍 IR	코	2026.04.03	주식의 병합, 분할 등 전자등록 변경, 말소	코스닥시장본부
아이에이	코	2026.04.03	주식의 병합, 분할 등 전자등록 변경, 말소	코스닥시장본부
밸로프	코	2026.04.03	주식의 병합, 분할 등 전자등록 변경, 말소	코스닥시장본부
디에이치엑스컴퍼니	코	2026.04.03	풍문 또는 보도 관련	코스닥시장본부
화일약품	코	2026.04.02	주식의 병합, 분할 등 전자등록 변경, 말소	코스닥시장본부
한화플러스제4호기업인수목적	기	2026.04.02	상장폐지 사유발생	코스닥시장본부
폴라리스우노	코	2026.04.02	주식의 병합, 분할 등 전자등록 변경, 말소	코스닥시장본부
폴라리스AI	코	2026.04.02	주식의 병합, 분할 등 전자등록 변경, 말소	코스닥시장본부
에이전트AI IR	코	2026.04.02	주식의 병합, 분할 등 전자등록 변경, 말소	코스닥시장본부
비트맥스	코	2026.04.02	주식의 병합, 분할 등 전자등록 변경, 말소	코스닥시장본부
대신밸런스제16호기업인수목적	기	2026.04.02	상장폐지사유 발생	코스닥시장본부
HLB이노베이션	코	2026.04.01	주식의 병합, 분할 등 전자등록 변경, 말소	코스닥시장본부
캐리	코	2026.03.31	상장폐지 사유발생	코스닥시장본부
성원에너텍	코	2026.03.31	투자자 보호	코스닥시장본부
레드우즈	넥	2026.03.31	풍문 또는 보도 관련	코넥스시장
펨토바이오메드	기	2026.03.30	상장폐지사유 발생	코넥스시장
소노스퀘어	코	2026.03.27	자본감소	코스닥시장본부
대동금속	코	2026.03.26	무상증자	코스닥시장본부
스피어	코	2026.03.25	단일판매공급계약	코스닥시장본부
메이슨캐피탈	코	2026.03.25	자본감소	코스닥시장본부
유안타제11호기업인수목적	기	2026.03.24	상장폐지 사유발생	코스닥시장본부
아스타 IR	코	2026.03.24	풍문 또는 보도 관련	코스닥시장본부
브이엠	코	2026.03.24	단일판매공급계약	코스닥시장본부
한국제12호기업인수목적	기	2026.03.23	상장폐지 사유발생	코스닥시장본부
테크트랜스	넥	2026.03.23	상장폐지사유발생	코넥스시장
제이스코홀딩스	코	2026.03.23	풍문 또는 보도 관련	코스닥시장본부
인베니아	코	2026.03.23	관리종목지정사유발생	코스닥시장본부
옵티코어 IR	코	2026.03.23	풍문 또는 보도 관련	코스닥시장본부
엔지켐생명과학	코	2026.03.23	풍문 또는 보도 관련	코스닥시장본부
아퓨어스	기	2026.03.23	상장폐지사유발생	코넥스시장
아이톡시	코	2026.03.23	풍문 또는 보도 관련	코스닥시장본부
루트K	코	2026.03.23	관리종목지정사유발생	코스닥시장본부
롤링스톤	코	2026.03.23	풍문 또는 보도 관련	코스닥시장본부
KD	코	2026.03.23	상장폐지 사유발생	코스닥시장본부
레몬	코	2026.03.20	관리종목지정사유발생	코스닥시장본부
케이이엠텍	코	2026.03.19	주식의 병합, 분할 등 전자등록 변경, 말소	코스닥시장본부
창대정밀	기	2026.03.17	분산요건미달 사유 발생	코넥스시장
엔시트론	코	2026.03.17	자본감소	코스닥시장본부
나우코스	기	2026.03.17	주식교환·이전 결정	코넥스시장
오션인더블유	코	2026.03.16	자본감소	코스닥시장본부
엑시온그룹	코	2026.03.16	자본감소	코스닥시장본부
셀루메드	코	2026.03.16	투자자 보호	코스닥시장본부
비트맥스	코	2026.03.16	관리종목지정사유발생	코스닥시장본부
다원시스	코	2026.03.16	투자자보호	코스닥시장본부
위지트	코	2026.03.13	자본감소	코스닥시장본부
디에이피	코	2026.03.13	관리종목지정우려	코스닥시장본부
뉴온	코	2026.03.13	자본감소	코스닥시장본부
판타지오	코	2026.03.12	자본감소	코스닥시장본부
졸스	코	2026.03.12	자본감소	코스닥시장본부
에이루트	코	2026.03.12	자본감소	코스닥시장본부
아이오케이이엔엠	코	2026.03.12	자본감소	코스닥시장본부
한울앤제주	코	2026.03.11	자본감소	코스닥시장본부
뉴인텍	코	2026.03.11	자본감소	코스닥시장본부
한주에이알티	코	2026.03.10	자본감소	코스닥시장본부
씨어스	코	2026.03.10	무상증자	코스닥시장본부
케이이엠텍	코	2026.03.09	주식의 병합, 분할 등 전자등록 변경, 말소	코스닥시장본부
비트맥스	코	2026.03.09	자본감소	코스닥시장본부
비엔케이제2호기업인수목적	기	2026.03.09	SPAC 소멸합병	코스닥시장본부
모다이노칩	코	2026.03.09	합병	코스닥시장본부
로젠	코	2026.03.09	합병	코스닥시장본부
티사이언티픽	코	2026.03.06	자본감소	코스닥시장본부
대진첨단소재	코	2026.03.06	상장적격성 실질심사 대상 (사유발생)	코스닥시장본부
KD	코	2026.03.05	회생절차개시신청	코스닥시장본부
다원시스	코	2026.03.04	불성실공시법인 지정	코스닥시장본부
TJ미디어	코	2026.03.04	무상증자	코스닥시장본부
에스케이증권제10호기업인수목적	기	2026.03.03	상장폐지 사유발생	코스닥시장본부
푸른저축은행	코	2026.02.27	상장적격성 실질심사 대상(사유발생))	코스닥시장본부
에이전트AI IR	코	2026.02.26	자본감소	코스닥시장본부
오늘이엔엠 IR	코	2026.02.24	주식의 병합, 분할 등 전자등록 변경, 말소	코스닥시장본부
엔에스엠	기	2026.02.24		코넥스시장
에어레인	코	2026.02.23	무상증자	코스닥시장본부
앱토크롬	코	2026.02.23	자본감소	코스닥시장본부
제이케이시냅스	코	2026.02.20	주식의 병합, 분할 등 전자등록 변경, 말소	코스닥시장본부
센서뷰	코	2026.02.20	자본감소	코스닥시장본부
CSA 코스믹	코	2026.02.20	자본감소	코스닥시장본부
플럼라인생명과학	넥	2026.02.19	자본전액잠식 사실 발생	코넥스시장
유안타제14호기업인수목적	기	2026.02.19	상장폐지 사유 발생	코스닥시장본부
스피어	코	2026.02.19	단일판매공급계약	코스닥시장본부
헝셩그룹	코	2026.02.13	주식의 병합, 분할 등 전자등록 변경, 말소	코스닥시장본부
에스케이증권제9호기업인수목적	기	2026.02.13	상장폐지 사유발생	코스닥시장본부
머니무브	넥	2026.02.13	자본전액잠식 사실 발생	코넥스시장
오리엔트정공	코	2026.02.12	영업양수도	코스닥시장본부
엑시온그룹	코	2026.02.12	단일판매공급계약	코스닥시장본부
쎄트렉아이	코	2026.02.12	단일판매공급계약	코스닥시장본부
루트K	코	2026.02.12	주식의 병합, 분할 등 전자등록 변경, 말소	코스닥시장본부
디비금융스팩12호	코	2026.02.12	SPAC 합병(예비심사청구대상)	코스닥시장본부
인크레더블버즈 IR	코	2026.02.06	상장적격성 실질심사 대상 (사유발생)	코스닥시장본부
유틸렉스	코	2026.02.06	상장적격성 실질심사 대상 (사유발생)	코스닥시장본부
한울앤제주	코	2026.02.04	불성실공시법인 지정	코스닥시장본부
제이케이시냅스	코	2026.02.04	풍문 또는 보도 관련	코스닥시장본부
오성첨단소재	코	2026.02.04	영업양수도	코스닥시장본부
삼양엔씨켐	코	2026.02.04	무상증자	코스닥시장본부
영화테크	코	2026.02.03	단일판매공급계약	코스닥시장본부
에코볼트	코	2026.02.02	자본감소	코스닥시장본부
캠시스	코	2026.01.30	주식의 병합, 분할 등 전자등록 변경, 말소	코스닥시장본부
루닛	코	2026.01.30	무상증자	코스닥시장본부
교보14호기업인수목적	기	2026.01.28	상장폐지 사유발생	코스닥시장본부
파라택시스이더리움	코	2026.01.27	주식의 병합, 분할 등 전자등록 변경, 말소	코스닥시장본부
엠아이큐브솔루션	코	2026.01.26	무상증자	코스닥시장본부
이노벡스	기	2026.01.23	회생절차개시신청	코넥스시장
하나29호기업인수목적	기	2026.01.22	상장폐지 사유발생	코스닥시장본부
볼빅 IR	넥	2026.01.22	풍문 또는 보도 관련	코넥스시장
하이제8호기업인수목적	기	2026.01.16	상장폐지 사유발생	코스닥시장본부
엘컴텍	코	2026.01.16	자본감소	코스닥시장본부
브이엠	코	2026.01.16	단일판매공급계약	코스닥시장본부
케이비제25호기업인수목적	기	2026.01.15	상장폐지 사유발생	코스닥시장본부
유안타제12호기업인수목적	기	2026.01.15	상장폐지 사유발생	코스닥시장본부
카이노스메드	코	2026.01.14	투자자보호	코스닥시장본부
아진엑스텍	코	2026.01.14	무상증자	코스닥시장본부
삼천리자전거	코	2026.01.12	상장적격성 실질심사 대상 (사유발생)	코스닥시장본부
엔케이젠바이오텍코리아	코	2026.01.07	투자자보호	코스닥시장본부
베노티앤알	코	2026.01.06	영업양수도	코스닥시장본부
루트K	코	2026.01.05	자본감소	코스닥시장본부
성원에너텍	코	2025.12.24	무상증자	코스닥시장본부
골드앤에스	코	2025.12.24	영업양수도	코스닥시장본부
하나기술	코	2025.12.23	단일판매공급계약	코스닥시장본부
에이치엘비사이언스	기	2025.12.23	주식의 병합, 분할 등 전자등록 변경, 말소	코넥스시장
에이엠시지	기	2025.12.23	자진상장폐지 신청	코넥스시장
뷰티스킨	코	2025.12.23	무상증자	코스닥시장본부
SCL사이언스	코	2025.12.23	영업양수도	코스닥시장본부
이앤에치	기	2025.12.22	회생절차개시신청	코넥스시장
파두	코	2025.12.18	상장심사 제출서류 중요사항 거짓 기재 관련 보도	코스닥시장본부
저스템	코	2025.12.18	무상증자	코스닥시장본부
자연과환경	코	2025.12.18	단일판매공급계약	코스닥시장본부
대신밸런스제18호기업인수목적	기	2025.12.17	SPAC 소멸합병	코스닥시장본부
에이전트AI IR	코	2025.12.16	주식의 병합, 분할 등 전자등록 변경, 말소	코스닥시장본부
미래에셋비전기업인수목적3호	기	2025.12.15	SPAC 소멸합병	코스닥시장본부
레드우즈	넥	2025.12.15	주식의 병합, 분할 등 전자등록 변경, 말소	코넥스시장
한국첨단소재	코	2025.12.12	무상증자	코스닥시장본부
하이딥	코	2025.12.12	주식의 병합, 분할 등 전자등록 변경, 말소	코스닥시장본부
디에이테크놀로지 IR	코	2025.12.11	투자자 보호	코스닥시장본부
폰드그룹	코	2025.12.09	무상증자	코스닥시장본부
자람테크놀로지	코	2025.12.09	단일판매공급계약	코스닥시장본부
아이비케이에스제22호기업인수목적	기	2025.12.09	SPAC 소멸합병	코스닥시장본부
캠시스	코	2025.12.08	자본감소	코스닥시장본부
길교이앤씨	기	2025.12.08		코넥스시장
블루콤	코	2025.12.05	중요한 영업정지	코스닥시장본부
뉴온	코	2025.12.05	중요한 영업정지	코스닥시장본부
골드앤에스	코	2025.12.04	주식의 병합, 분할 등 전자등록 변경, 말소	코스닥시장본부
아이톡시	코	2025.12.03	주식의 병합, 분할 등 전자등록 변경, 말소	코스닥시장본부
코스나인	기	2025.12.01	투자자 보호	코스닥시장본부
테라사이언스	코	2025.11.28	투자자 보호	코스닥시장본부
교보16호스팩	코	2025.11.28	SPAC 합병(예비심사청구대상)	코스닥시장본부
프레스티지바이오로직스	코	2025.11.26	단일판매공급계약	코스닥시장본부
신한제12호스팩	코	2025.11.26	SPAC 합병(예비심사청구대상)	코스닥시장본부
비츠로셀	코	2025.11.26	무상증자	코스닥시장본부
스피어	코	2025.11.25	단일판매공급계약	코스닥시장본부
라온피플	코	2025.11.21	무상증자	코스닥시장본부
크레오에스지	코	2025.11.20	주식의 병합, 분할 등 전자등록 변경, 말소	코스닥시장본부
골드앤에스	코	2025.11.20	영업양수도	코스닥시장본부
EDGC	코	2025.11.20	투자자 보호	코스닥시장본부
프리시젼바이오	코	2025.11.14	우회상장여부 및 요건충족확인	코스닥시장본부
케이지에이 IR	코	2025.11.14	상장적격성 실질심사 대상 (사유발생)	코스닥시장본부
인베니아	코	2025.11.14	주식의 병합, 분할 등 전자등록 변경, 말소	코스닥시장본부
엔켐	코	2025.11.14	상장적격성 실질심사 대상 (사유발생)	코스닥시장본부
엔젯	코	2025.11.14	영업양수도	코스닥시장본부
엔에이치기업인수목적29호	기	2025.11.14	SPAC 합병(예비심사청구대상)	코스닥시장본부
코이즈	기	2025.11.12	주식의 병합, 분할 등 전자등록 변경, 말소	코스닥시장본부
카티스	코	2025.11.12	무상증자	코스닥시장본부
에이치시티	코	2025.11.11	무상증자	코스닥시장본부
제너셈	코	2025.11.10	무상증자	코스닥시장본부
에이엠시지	기	2025.11.06	자진상장폐지 결정	코넥스시장
비올메디컬	기	2025.11.06	자진상장폐지 신청	코스닥시장본부
디와이디	코	2025.11.04	주식의 병합, 분할 등 전자등록 변경, 말소	코스닥시장본부
드림시큐리티	코	2025.11.03	무상증자	코스닥시장본부
하나27호기업인수목적	기	2025.10.31	상장폐지 사유발생	코스닥시장본부
파워풀엑스	기	2025.10.31	지정자문인 계약해지	코넥스시장
로지스몬	넥	2025.10.30	주식의 병합, 분할 등 전자등록 변경, 말소	코넥스시장
자이글	코	2025.10.29	상장적격성 실질심사 대상(사유발생)	코스닥시장본부
디앤디파마텍	코	2025.10.29	무상증자	코스닥시장본부
동성화인텍	코	2025.10.29	풍문 또는 보도 관련	코스닥시장본부
아이씨티케이	코	2025.10.28	단일판매공급계약	코스닥시장본부
피앤에스로보틱스	코	2025.10.24	무상증자	코스닥시장본부
레드우즈	넥	2025.10.24	자본감소	코넥스시장
지투지바이오	코	2025.10.22	무상증자	코스닥시장본부
와이씨켐	코	2025.10.21	영업양수도	코스닥시장본부
하이딥	코	2025.10.20	자본감소	코스닥시장본부
엑시온그룹	코	2025.10.20	단일판매공급계약	코스닥시장본부
아이비케이에스제21호기업인수목적	기	2025.10.20	SPAC 소멸합병	코스닥시장본부
세종텔레콤	코	2025.10.20	주식의 병합, 분할 등 전자등록 변경, 말소	코스닥시장본부
인피니트헬스케어	코	2025.10.17	상장적격성 실질심사 대상 (사유발생)	코스닥시장본부
올리패스	코	2025.10.15	투자자 보호	코스닥시장본부
엔에이치기업인수목적30호	기	2025.10.15	SPAC 합병(예비심사청구대상)	코스닥시장본부
골드앤에스	코	2025.10.15	자본감소	코스닥시장본부
미래에셋드림기업인수목적1호	기	2025.10.10	상장폐지 사유발생	코스닥시장본부
크레오에스지	코	2025.10.01	자본감소	코스닥시장본부
코다코	기	2025.10.01	투자자 보호	코스닥시장본부
제이엔케이글로벌	코	2025.10.01	단일판매공급계약	코스닥시장본부
알에프세미	기	2025.10.01	투자자 보호	코스닥시장본부
제이케이시냅스	코	2025.09.30	주식의 병합, 분할 등 전자등록 변경, 말소	코스닥시장본부
하나28호기업인수목적	기	2025.09.29	SPAC 소멸합병	코스닥시장본부
스피어	코	2025.09.29	단일판매공급계약	코스닥시장본부
비올메디컬	기	2025.09.29	투자자 보호 : 자진 상장폐지 결정	코스닥시장본부
하나26호기업인수목적	기	2025.09.26	상장폐지 사유발생	코스닥시장본부
삼성기업인수목적8호	기	2025.09.24	상장폐지 사유발생	코스닥시장본부
대창솔루션 IR	코	2025.09.24	주식의 병합, 분할 등 전자등록 변경, 말소	코스닥시장본부
유안타제13호기업인수목적	기	2025.09.22	상장폐지 사유발생	코스닥시장본부
시스웍	기	2025.09.22	투자자 보호	코스닥시장본부
노블엠앤비	기	2025.09.22	투자자 보호	코스닥시장본부
길교이앤씨	기	2025.09.22	피흡수합병 결정	코넥스시장
인베니아	코	2025.09.19	자본감소	코스닥시장본부
KS인더스트리	코	2025.09.19	불성실공시법인 지정	코스닥시장본부
엠젠솔루션	코	2025.09.18	중요한 영업정지	코스닥시장본부
디와이디	코	2025.09.18	자본감소	코스닥시장본부
온코닉테라퓨틱스	코	2025.09.17	무상증자	코스닥시장본부
조이웍스앤코	코	2025.09.12	영업양수도	코스닥시장본부
제이케이시냅스	코	2025.09.11	자본감소	코스닥시장본부
교보15호기업인수목적	기	2025.09.11	SPAC 합병(예비심사청구대상)	코스닥시장본부
아이톡시	코	2025.09.08	자본감소	코스닥시장본부
더테크놀로지	기	2025.09.08	투자자 보호	코스닥시장본부
로지스몬	넥	2025.09.05	자본감소	코넥스시장
솔디펜스	코	2025.09.03	주식의 병합, 분할 등 전자등록 변경, 말소	코스닥시장본부
아이엠	기	2025.09.01	투자자 보호	코스닥시장본부
스타코링크	기	2025.09.01	투자자 보호	코스닥시장본부
범한퓨얼셀	코	2025.09.01	단일판매공급계약	코스닥시장본부
에이비온	코	2025.08.29	무상증자	코스닥시장본부
비엔케이제2호기업인수목적	기	2025.08.29	SPAC 합병(예비심사청구대상)	코스닥시장본부
딥커머스	코	2025.08.27	주식의 병합, 분할 등 전자등록 변경, 말소	코스닥시장본부
스튜디오삼익	코	2025.08.25	무상증자	코스닥시장본부
링네트	코	2025.08.25	무상증자	코스닥시장본부
와이제이링크 IR	코	2025.08.21	무상증자	코스닥시장본부
이노스페이스	코	2025.08.18	무상증자	코스닥시장본부
카이노스메드	코	2025.08.14	상장적격성 실질심사 대상 (사유발생)	코스닥시장본부
엑시온그룹	코	2025.08.14	상장적격성 실질심사 대상 (사유발생)	코스닥시장본부
엑세스바이오	코	2025.08.14	상장적격성 실질심사 대상 (사유발생)	코스닥시장본부
소프트센	코	2025.08.14	풍문 또는 보도 관련	코스닥시장본부
세종텔레콤	코	2025.08.11	자본감소	코스닥시장본부
서희건설	코	2025.08.11	풍문 또는 보도 관련	코스닥시장본부
미래에셋비전기업인수목적2호	기	2025.08.11	SPAC 소멸합병	코스닥시장본부
아이큐어	코	2025.08.05	상장적격성 실질심사 대상 (사유발생)	코스닥시장본부
엔에프씨	코	2025.08.04	무상증자	코스닥시장본부
그린리소스	코	2025.08.04	무상증자	코스닥시장본부
티앤알바이오팹	코	2025.08.01	무상증자	코스닥시장본부
스피어	코	2025.07.31	단일판매공급계약	코스닥시장본부
신영해피투모로우제8호기업인수목적	기	2025.07.29	SPAC 소멸합병	코스닥시장본부
엔피엑스	기	2025.07.28	투자자 보호	코스닥시장본부
SCL사이언스	코	2025.07.28	영업양수도	코스닥시장본부
동국생명과학	코	2025.07.24	무상증자	코스닥시장본부
휴엠앤씨	코	2025.07.22	주식의 병합, 분할 등 전자등록 변경, 말소	코스닥시장본부
지슨	기	2025.07.22	주식의 병합, 분할 등 전자등록 변경, 말소	코넥스시장
아크솔루션스	기	2025.07.22	투자자 보호	코스닥시장본부
신영해피투모로우제9호기업인수목적	기	2025.07.21	상장폐지 사유발생	코스닥시장본부
산돌	코	2025.07.18	무상증자	코스닥시장본부
유안타제12호기업인수목적	기	2025.07.17	SPAC 합병(예비심사청구대상)	코스닥시장본부
비엔케이제1호기업인수목적	기	2025.07.15	상장폐지 사유발생	코스닥시장본부
대신밸런스제16호기업인수목적	기	2025.07.15	SPAC 합병(예비심사청구대상)	코스닥시장본부
현대바이오	코	2025.07.10	무상증자	코스닥시장본부
헥토파이낸셜 IR	코	2025.07.10	무상증자	코스닥시장본부
빌리언스	코	2025.07.09	주식의 병합, 분할 등 전자등록 변경, 말소	코스닥시장본부
엔에이치기업인수목적27호	기	2025.07.08	상장폐지 사유발생	코스닥시장본부
프로브잇	기	2025.07.04	투자자 보호	코스닥시장본부
씨엑스아이	코	2025.07.04	주식의 병합, 분할 등 전자등록 변경, 말소	코스닥시장본부
비유테크놀러지	기	2025.07.04	투자자 보호	코스닥시장본부
메디콕스	코	2025.06.30	주식의 병합, 분할 등 전자등록 변경, 말소	코스닥시장본부
대신밸런스제14호기업인수목적	기	2025.06.30	상장폐지 사유발생	코스닥시장본부
네오오토	코	2025.06.30	무상증자	코스닥시장본부
교보13호기업인수목적	기	2025.06.30	상장폐지 사유발생	코스닥시장본부
푸른소나무	기	2025.06.27	투자자 보호	코스닥시장본부
유진기업인수목적9호	기	2025.06.26	상장폐지 사유발생	코스닥시장본부
SBI핀테크솔루션즈 IR	기	2025.06.26	자진상장폐지 신청	코스닥시장본부
엔에이치기업인수목적26호	기	2025.06.25	상장폐지 사유발생	코스닥시장본부
소프트캠프	코	2025.06.23	상장적격성 실질심사 대상 (사유발생)	코스닥시장본부
씨씨에스	코	2025.06.20	상장적격성 실질심사 대상 (사유발생)	코스닥시장본부
케이비제28호기업인수목적	기	2025.06.17	SPAC 소멸합병	코스닥시장본부
SCL사이언스	코	2025.06.16	무상증자	코스닥시장본부
파마리서치	코	2025.06.13	분할	코스닥시장본부
일진파워	코	2025.06.13	상장적격성 실질심사 대상(사유발생)	코스닥시장본부
에이루트	코	2025.06.13	주식의 병합, 분할 등 전자등록 변경, 말소	코스닥시장본부
세토피아	기	2025.06.13	투자자 보호	코스닥시장본부
비에프랩스	기	2025.06.13	투자자 보호	코스닥시장본부
로아앤코홀딩스	기	2025.06.13	투자자 보호	코스닥시장본부
대신밸런스제18호기업인수목적	기	2025.06.13	SPAC 합병(예비심사청구대상)	코스닥시장본부
빌리언스	코	2025.06.12	자본감소	코스닥시장본부
에이디칩스	기	2025.06.11	투자자 보호	코스닥시장본부
알파칩스	코	2025.06.11	주식의 병합, 분할 등 전자등록 변경, 말소	코스닥시장본부
나노엔텍	코	2025.06.11	우회상장여부 및 요건충족확인	코스닥시장본부
플리토 IR	코	2025.06.10	무상증자	코스닥시장본부
엘컴텍	코	2025.06.10	중요한 영업정지	코스닥시장본부
에스엘에스바이오	코	2025.06.09	상장적격성 실질심사 대상 (사유발생)	코스닥시장본부
선샤인푸드	기	2025.06.05	투자자 보호	코스닥시장본부
아이비케이에스제22호기업인수목적	기	2025.05.30	SPAC 합병(예비심사청구대상)	코스닥시장본부
셀피글로벌	코	2025.05.30	투자자 보호	코스닥시장본부
삼미금속	코	2025.05.30		코넥스시장
SBI핀테크솔루션즈 IR	기	2025.05.29	투자자 보호:자진 상장폐지 결정	코스닥시장본부
퓨처코어 IR	기	2025.05.28	투자자 보호	코스닥시장본부
파멥신	기	2025.05.28	투자자보호	코스닥시장본부
세븐브로이맥주	넥	2025.05.28	회생절차개시신청	코넥스시장
하이퍼코퍼레이션	코	2025.05.27	주식의 병합, 분할 등 전자등록 변경, 말소	코스닥시장본부
엔에이치기업인수목적25호	기	2025.05.27	상장폐지사유 발생	코스닥시장본부
텔콘RF제약	코	2025.05.23	무상증자	코스닥시장본부
코엔텍	기	2025.05.23	주식의 병합, 분할 등 전자등록 변경, 말소	코스닥시장본부
인바이츠바이오코아	넥	2025.05.21	풍문 또는 보도 관련	코넥스시장
삼성기업인수목적9호	기	2025.05.21	SPAC 소멸합병	코스닥시장본부
에이루트	코	2025.05.20	자본감소	코스닥시장본부
아이비케이에스제20호기업인수목적	기	2025.05.20	상장폐지사유 발생	코스닥시장본부
삼성기업인수목적7호	기	2025.05.20	상장폐지 사유발생	코스닥시장본부
미래에셋비전기업인수목적3호	기	2025.05.19	SPAC 합병(예비심사청구대상)	코스닥시장본부
테크엔	기	2025.05.16		코넥스시장
퀀텀레일	코	2025.05.16	무상증자	코스닥시장본부
아이비케이에스제21호기업인수목적	기	2025.05.16	SPAC 합병(예비심사청구대상)	코스닥시장본부
탑런토탈솔루션	코	2025.05.15	무상증자	코스닥시장본부
인트로메딕	기	2025.05.14	투자자 보호	코스닥시장본부
휴엠앤씨	코	2025.05.13	자본감소	코스닥시장본부
하나금융25호기업인수목적	기	2025.05.13	상장폐지 사유발생	코스닥시장본부
하나28호기업인수목적	기	2025.05.13	SPAC 합병(예비심사청구대상)	코스닥시장본부
엔에이치기업인수목적24호	기	2025.05.13	상장폐지사유 발생	코스닥시장본부
바이오솔루션 IR	코	2025.05.13	무상증자	코스닥시장본부
에스케이증권제8호기업인수목적	기	2025.04.30	상장폐지 사유발생	코스닥시장본부
닷밀	코	2025.04.30	무상증자	코스닥시장본부
제일바이오	기	2025.04.29	투자자 보호	코스닥시장본부
원바이오젠	코	2025.04.29	주식의 병합, 분할 등 전자등록 변경, 말소	코스닥시장본부
씨앤에이치	기	2025.04.29	투자자 보호	코스닥시장본부
유안타제10호기업인수목적	기	2025.04.28	상장폐지 사유발생	코스닥시장본부
글로본 IR	코	2025.04.28	주식의 병합, 분할 등 전자등록 변경, 말소	코스닥시장본부
비에이치아이	코	2025.04.25	단일판매공급계약	코스닥시장본부
스피어	코	2025.04.24	단일판매공급계약	코스닥시장본부
포톤	코	2025.04.23	주식의 병합, 분할 등 전자등록 변경, 말소	코스닥시장본부
에코아이	코	2025.04.23	무상증자	코스닥시장본부
나라소프트	기	2025.04.23		코넥스시장
시큐브	코	2025.04.22	주식의 병합, 분할 등 전자등록 변경, 말소	코스닥시장본부
인콘	코	2025.04.21	주식의 병합, 분할 등 전자등록 변경, 말소	코스닥시장본부
디비금융제11호기업인수목적	기	2025.04.21	SPAC 소멸합병	코스닥시장본부
대신밸런스제15호기업인수목적	기	2025.04.21	SPAC 소멸합병	코스닥시장본부
인크레더블버즈 IR	코	2025.04.18	불성실공시법인 지정	코스닥시장본부
KB제31호스팩	코	2025.04.17	SPAC 합병(예비심사청구대상)	코스닥시장본부
지엔코	코	2025.04.16	주식의 병합, 분할 등 전자등록 변경, 말소	코스닥시장본부
알파칩스	코	2025.04.15	자본감소	코스닥시장본부
블루엠텍	코	2025.04.15	무상증자	코스닥시장본부
에이스테크	코	2025.04.09	주식의 병합, 분할 등 전자등록 변경, 말소	코스닥시장본부
서울전자통신	코	2025.04.09	주식의 병합, 분할 등 전자등록 변경, 말소	코스닥시장본부
롤링스톤	코	2025.04.09	주식의 병합, 분할 등 전자등록 변경, 말소	코스닥시장본부
글로본 IR	코	2025.04.09	주식의 병합, 분할 등 전자등록 변경, 말소	코스닥시장본부
한국제14호기업인수목적	기	2025.04.08	SPAC 소멸합병	코스닥시장본부
하이퍼코퍼레이션	코	2025.04.08	자본감소	코스닥시장본부
플라즈맵	코	2025.04.08	주식의 병합, 분할 등 전자등록 변경, 말소	코스닥시장본부
세종텔레콤	코	2025.04.08	주식의 병합, 분할 등 전자등록 변경, 말소	코스닥시장본부
라온시큐어	코	2025.04.08	주식의 병합, 분할 등 전자등록 변경, 말소	코스닥시장본부
하이로닉	코	2025.04.07	풍문 또는 보도 관련	코스닥시장본부
팡스카이	넥	2025.04.07	상장폐지 사유발생	코넥스시장
올리패스	코	2025.04.07	상장폐지 사유발생	코스닥시장본부
오건에코텍	넥	2025.04.07	사업보고서 미제출	코넥스시장
엘리비젼	넥	2025.04.07	상장폐지 사유발생	코넥스시장
아이엠	기	2025.04.07	풍문 또는 보도 관련	코스닥시장본부
스타코링크	기	2025.04.07	상장적격성 실질심사 대상 (사유발생)	코스닥시장본부
리노공업	코	2025.04.07	주식의 병합, 분할 등 전자등록 변경, 말소	코스닥시장본부
더테크놀로지	기	2025.04.07	사업보고서 미제출	코스닥시장본부
더즌 IR	코	2025.04.07	무상증자	코스닥시장본부
노보믹스	기	2025.04.07	상장폐지 사유발생	코넥스시장
제일엠앤에스	코	2025.04.04	풍문 또는 보도 관련	코스닥시장본부
솔루믹스	넥	2025.04.04	상장폐지 사유발생	코넥스시장
형지글로벌	코	2025.04.01	무상증자	코스닥시장본부
이화공영	코	2025.04.01	회생절차 개시신청	코스닥시장본부
셀레스트라 IR	코	2025.04.01	주식의 병합, 분할 등 전자등록 변경, 말소	코스닥시장본부
HLB생명과학	코	2025.04.01	합병	코스닥시장본부
티에스넥스젠	코	2025.03.31	풍문 또는 보도 관련	코스닥시장본부
삼미금속	코	2025.03.31	주식병합	코넥스시장
에스엘테라퓨틱스	기	2025.03.28	상장폐지 사유발생	코넥스시장
교보13호기업인수목적	기	2025.03.26	SPAC 합병(예비심사청구대상)	코스닥시장본부
아이톡시	코	2025.03.25	관리종목지정사유발생	코스닥시장본부
신한제10호기업인수목적	기	2025.03.24	상장폐지사유 발생	코스닥시장본부
하이퍼코퍼레이션	코	2025.03.21	관리종목지정사유발생	코스닥시장본부
피씨엘	코	2025.03.21	풍문 또는 보도 관련	코스닥시장본부
풍전약품	코	2025.03.21	관리종목지정사유발생	코스닥시장본부
투비소프트	코	2025.03.21	풍문 또는 보도 관련	코스닥시장본부
카이노스메드	코	2025.03.21	관리종목지정사유발생	코스닥시장본부
이오플로우 IR	코	2025.03.21	풍문 또는 보도 관련	코스닥시장본부
셀루메드	코	2025.03.21	관리종목지정사유발생	코스닥시장본부
리튬포어스	코	2025.03.21	관리종목지정사유발생	코스닥시장본부
디와이디	코	2025.03.21	관리종목지정사유발생	코스닥시장본부
드래곤플라이	코	2025.03.21	투자자 보호	코스닥시장본부
HLB펩	코	2025.03.21	관리종목지정사유발생	코스닥시장본부
DMS	코	2025.03.21	상장폐지 사유발생	코스닥시장본부
하이퍼코퍼레이션	코	2025.03.20	관리종목지정우려	코스닥시장본부
서울전자통신	코	2025.03.20	관리종목지정사유발생	코스닥시장본부
DXVX	코	2025.03.20	관리종목지정사유발생	코스닥시장본부
피노	코	2025.03.19	단일판매공급계약	코스닥시장본부
코엔텍	기	2025.03.18	주식교환, 이전	코스닥시장본부
앤씨앤	코	2025.03.18	관리종목지정사유발생	코스닥시장본부
플라즈맵	코	2025.03.17	관리종목지정사유발생	코스닥시장본부
풍전약품	코	2025.03.14	관리종목지정우려	코스닥시장본부
지엔코	코	2025.03.14	자본감소	코스닥시장본부
이오플로우 IR	코	2025.03.14	관리종목지정우려	코스닥시장본부
셀루메드	코	2025.03.14	관리종목지정우려	코스닥시장본부
롤링스톤	코	2025.03.14	자본감소	코스닥시장본부
드래곤플라이	코	2025.03.14	관리종목지정우려	코스닥시장본부
글로본 IR	코	2025.03.14	자본감소	코스닥시장본부
플라즈맵	코	2025.03.13	자본감소	코스닥시장본부
푸드나무	코	2025.03.13	관리종목지정우려	코스닥시장본부
에이스테크	코	2025.03.13	자본감소	코스닥시장본부
큐러블	기	2025.03.12	풍문 또는 보도 관련	코넥스시장
사토시홀딩스 IR	코	2025.03.12	상장적격성 실질심사 대상 (사유발생)	코스닥시장본부
세종텔레콤	코	2025.03.11	주식의 병합, 분할 등 전자등록 변경, 말소	코스닥시장본부
파라택시스코리아	코	2025.03.10	관리종목지정우려	코스닥시장본부
인콘	코	2025.03.07	자본감소	코스닥시장본부
플라즈맵	코	2025.03.06	관리종목지정우려	코스닥시장본부
다보링크	코	2025.03.06	불성실공시법인 지정	코스닥시장본부
케이비제26호기업인수목적	기	2025.03.04	SPAC 소멸합병	코스닥시장본부
유안타제9호기업인수목적	기	2025.03.04	상장폐지 사유발생	코스닥시장본부
나라소프트	기	2025.03.04	회생절차개시신청	코넥스시장
팬스타엔터프라이즈	코	2025.02.27	우회상장여부 및 요건충족확인	코스닥시장본부
웨이브일렉트로	코	2025.02.27	회계처리 기준위반	코스닥시장본부
바이온 IR	기	2025.02.27	상장적격성 실질심사 대상 (사유발생)	코스닥시장본부
서울전자통신	코	2025.02.26	관리종목지정우려	코스닥시장본부
스타코링크	기	2025.02.25	주식의 병합, 분할 등 전자등록 변경, 말소	코스닥시장본부
아이엠	기	2025.02.21	관리종목지정우려	코스닥시장본부
앤씨앤	코	2025.02.20	관리종목지정우려	코스닥시장본부
이화전기공업	기	2025.02.17	투자자보호	코스닥시장본부
이트론	기	2025.02.17	투자자보호	코스닥시장본부
디와이디	코	2025.02.14	관리종목지정우려	코스닥시장본부
리튬포어스	코	2025.02.13	관리종목지정우려	코스닥시장본부
DXVX	코	2025.02.13	관리종목지정우려	코스닥시장본부
비엘팜텍	코	2025.02.12	무상증자	코스닥시장본부
키움제7호기업인수목적	기	2025.02.11	SPAC 소멸합병	코스닥시장본부
삼영이엔씨	코	2025.02.11	상장적격성 실질심사 대상(사유발생)	코스닥시장본부
광림	기	2025.02.11	투자자 보호	코스닥시장본부
스타코링크	기	2025.02.10	관리종목지정우려	코스닥시장본부
셀레스트라 IR	코	2025.02.10	자본감소	코스닥시장본부
한화플러스제4호기업인수목적	기	2025.02.07	SPAC 합병(예비심사청구대상)	코스닥시장본부
유아이엘	코	2025.02.07	무상증자	코스닥시장본부
HLB펩	코	2025.02.04	관리종목지정우려	코스닥시장본부
키움제6호기업인수목적	기	2025.02.03	SPAC 소멸합병	코스닥시장본부
제이케이시냅스	코	2025.02.03	불성실공시법인 지정	코스닥시장본부
자이글	코	2025.01.23	불성실공시법인 지정	코스닥시장본부
신영해피투모로우제8호기업인수목적	기	2025.01.23	SPAC합병(예비심사청구대상	코스닥시장본부
스타코링크	기	2025.01.23	자본감소	코스닥시장본부
삼성기업인수목적6호	기	2025.01.23	상장폐지 사유발생	코스닥시장본부
조광아이엘아이	기	2025.01.22	투자자 보호	코스닥시장본부
엔에이치기업인수목적23호	기	2025.01.22	상장폐지 사유발생	코스닥시장본부
아크솔루션스	기	2025.01.22	풍문 또는 보도 관련	코스닥시장본부
대유	기	2025.01.22	투자자 보호	코스닥시장본부
엘비루셈	기	2025.01.21	주식의 병합, 분할 등 전자등록 변경, 말소	코스닥시장본부
삼미금속	코	2025.01.21	분산요건미달 사유 발생	코넥스시장
하나마이크론	코	2025.01.17	분할	코스닥시장본부
아이오케이이엔엠	코	2025.01.17	주식의 병합, 분할 등 전자등록 변경, 말소	코스닥시장본부
베뉴지 IR	코	2025.01.17	중요한 영업정지	코스닥시장본부
케이비제21호기업인수목적	기	2025.01.16	상장폐지 사유발생	코스닥시장본부
디지캡	코	2025.01.16	영업양수도	코스닥시장본부
더테크놀로지	기	2025.01.14	주식의 병합, 분할 등 전자등록 변경, 말소	코스닥시장본부
세명전기	코	2025.01.13	단일판매공급계약	코스닥시장본부
본느	코	2025.01.08	풍문 또는 보도 관련	코스닥시장본부
제닉스로보틱스	코	2025.01.07	무상증자	코스닥시장본부
프로브잇	기	2025.01.06	상장적격성 실질심사 대상 (사유발생)	코스닥시장본부
피노	코	2025.01.03	단일판매공급계약	코스닥시장본부
세종텔레콤	코	2025.01.02	자본감소	코스닥시장본부
프로브잇	기	2024.12.31	파산신청(발행 ELW 포함)	코스닥시장본부
엠에프엠코리아	기	2024.12.31	투자자 보호	코스닥시장본부
크라우드웍스	코	2024.12.30	주식의 병합, 분할 등 전자등록 변경, 말소	코스닥시장본부
캔버스엔	코	2024.12.30	주식의 병합, 분할 등 전자등록 변경, 말소	코스닥시장본부
SCL사이언스	코	2024.12.30	우회상장여부 및 요건충족확인	코스닥시장본부
오션인더블유	코	2024.12.24	주식의 병합, 분할 등 전자등록 변경, 말소	코스닥시장본부
미래에셋비전기업인수목적1호	기	2024.12.24	SPAC 소멸합병	코스닥시장본부
카이바이오텍	기	2024.12.23	지정자문인 선임계약 해지	코넥스시장
메디콕스	코	2024.12.19	불성실공시법인 지정	코스닥시장본부
HC홈센타	코	2024.12.19	주식의 병합, 분할 등 전자등록 변경, 말소	코스닥시장본부
킵스파마	코	2024.12.18	우회상장여부 및 요건충족확인	코스닥시장본부
베셀	코	2024.12.17	주식의 병합, 분할 등 전자등록 변경, 말소	코스닥시장본부
미래에셋비전기업인수목적2호	기	2024.12.17	SPAC 합병(예비심사청구대상)	코스닥시장본부
제테마	코	2024.12.10	무상증자	코스닥시장본부
비엘팜텍	코	2024.12.09	주식의 병합, 분할 등 전자등록 변경, 말소	코스닥시장본부
프레스티지바이오로직스	코	2024.12.05	단일판매공급계약	코스닥시장본부
텔콘RF제약	코	2024.12.05	주식의 병합, 분할 등 전자등록 변경, 말소	코스닥시장본부
프로브잇	기	2024.12.04	불성실공시법인 지정	코스닥시장본부
노브랜드	코	2024.12.04	무상증자	코스닥시장본부
HC홈센타	코	2024.12.04	불성실공시법인 지정	코스닥시장본부
하나금융21호기업인수목적	기	2024.12.03	SPAC 소멸합병	코스닥시장본부
지슨	코	2024.12.03	SPAC 합병(예비심사청구대상)	코스닥시장본부
지슨	기	2024.12.03		코넥스시장
뉴온	코	2024.11.29	주식의 병합, 분할 등 전자등록 변경, 말소	코스닥시장본부
하나금융22호기업인수목적	기	2024.11.27	SPAC 소멸합병	코스닥시장본부
신도기연	코	2024.11.27	단일판매공급계약	코스닥시장본부
수성웹툰	코	2024.11.27	주식의 병합, 분할 등 전자등록 변경, 말소	코스닥시장본부
대신밸런스제16호기업인수목적	기	2024.11.26	SPAC 합병(예비심사청구대상)	코스닥시장본부
에스엔유프리시젼	기	2024.11.25	주식의 병합, 분할 등 전자등록 변경, 말소	코스닥시장본부
더테크놀로지	기	2024.11.22	자본감소	코스닥시장본부
상상인제3호기업인수목적	기	2024.11.21	상장폐지 사유발생	코스닥시장본부
큐로홀딩스	코	2024.11.20	주식의 병합, 분할 등 전자등록 변경, 말소	코스닥시장본부
한화플러스제3호기업인수목적	기	2024.11.19	SPAC 소멸합병	코스닥시장본부
큐엠씨	넥	2024.11.19	주식의 병합, 분할 등 전자등록 변경, 말소	코넥스시장
씨씨에스	코	2024.11.19	불성실공시법인 지정	코스닥시장본부
스타코링크	기	2024.11.19	불성실공시법인 지정	코스닥시장본부
삼보산업	코	2024.11.15	주식의 병합, 분할 등 전자등록 변경, 말소	코스닥시장본부
아이비케이에스제20호기업인수목적	기	2024.11.14	SPAC 합병(예비심사청구대상)	코스닥시장본부
캔버스엔	코	2024.11.11	무상증자	코스닥시장본부
레드캡투어 IR	코	2024.11.08	무상증자	코스닥시장본부
케이비제26호기업인수목적	기	2024.11.07	SPAC 합병(예비심사청구대상)	코스닥시장본부
프로브잇	기	2024.11.06	파산신청(발행 ELW 포함)	코스닥시장본부
오가닉티코스메틱	코	2024.11.06	주식의 병합, 분할 등 전자등록 변경, 말소	코스닥시장본부
엔켐	코	2024.11.05	불성실공시법인 지정	코스닥시장본부
드래곤플라이	코	2024.11.05	주식의 병합, 분할 등 전자등록 변경, 말소	코스닥시장본부
시스네오텍	기	2024.11.04	투자자 보호	코스닥시장본부
비즈니스온커뮤니케이션	기	2024.11.01	주식의 병합, 분할 등 전자등록 변경, 말소	코스닥시장본부
케이비제28호기업인수목적	기	2024.10.31	SPAC 합병(예비심사청구대상)	코스닥시장본부
씨앤에이치	기	2024.10.30	주식의 병합, 분할 등 전자등록 변경, 말소	코스닥시장본부
베셀	코	2024.10.30	자본감소	코스닥시장본부
주성엔지니어링	코	2024.10.29	매매거래정지 취소	코스닥시장본부
DH오토웨어	코	2024.10.28	주식의 병합, 분할 등 전자등록 변경, 말소	코스닥시장본부
주성엔지니어링	코	2024.10.25	주식의 병합, 분할 등 전자등록 변경, 말소	코스닥시장본부
신한제10호기업인수목적	기	2024.10.25	SPAC 합병(예비심사청구대상)	코스닥시장본부
사토시홀딩스 IR	코	2024.10.25	중요한 영업정지	코스닥시장본부
대신밸런스제13호기업인수목적	기	2024.10.24	SPAC 소멸합병	코스닥시장본부
유비쿼스	코	2024.10.23	무상증자	코스닥시장본부
삼성기업인수목적9호	기	2024.10.23	SPAC 합병(예비심사청구대상)	코스닥시장본부
디비금융제11호기업인수목적	기	2024.10.23	SPAC 합병(예비심사청구대상)	코스닥시장본부
동아엘텍	코	2024.10.23	무상증자	코스닥시장본부
JW신약	코	2024.10.23	중요한 영업정지	코스닥시장본부
씨앤에이치	기	2024.10.22	불성실공시법인 지정	코스닥시장본부
교보12호기업인수목적	기	2024.10.22	SPAC 소멸합병	코스닥시장본부
에이스테크	코	2024.10.21	우회상장여부 및 요건충족확인	코스닥시장본부
엘비루셈	기	2024.10.18	합병	코스닥시장본부
비엘팜텍	코	2024.10.18	자본감소	코스닥시장본부
대신밸런스제15호기업인수목적	기	2024.10.18	SPAC 합병(예비심사청구대상)	코스닥시장본부
LB세미콘	코	2024.10.18	합병	코스닥시장본부
제이시스메디칼	기	2024.10.16	주식의 병합, 분할 등 전자등록 변경, 말소	코스닥시장본부
이브이파킹서비스	기	2024.10.15		코넥스시장
엑스플러스	코	2024.10.15	불성실공시법인 지정	코스닥시장본부
네오팜	코	2024.10.15	무상증자	코스닥시장본부
페니트리움바이오	코	2024.10.14	무상증자	코스닥시장본부
한국유니온제약	코	2024.10.11	상장적격성 실질심사 대상 (사유발생)	코스닥시장본부
피노	코	2024.10.08	단일판매공급계약	코스닥시장본부
판타지오	코	2024.10.08	주식의 병합, 분할 등 전자등록 변경, 말소	코스닥시장본부
케이사인	코	2024.10.08	주식의 병합, 분할 등 전자등록 변경, 말소	코스닥시장본부
미디어젠	코	2024.10.07	풍문 또는 보도 관련	코스닥시장본부
삼보산업	코	2024.10.04	자본감소	코스닥시장본부
한울비앤씨	기	2024.10.02	투자자 보호	코스닥시장본부
삼현	코	2024.10.02	무상증자	코스닥시장본부
비덴트	코	2024.10.02	투자자 보호	코스닥시장본부
버킷스튜디오	코	2024.10.02	투자자보호	코스닥시장본부
한국제14호기업인수목적	기	2024.09.30	SPAC 합병(예비심사청구대상)	코스닥시장본부
올리패스	코	2024.09.30	주식의 병합, 분할 등 전자등록 변경, 말소	코스닥시장본부
큐엠씨	넥	2024.09.27	자본감소	코넥스시장
큐로홀딩스	코	2024.09.27	자본감소	코스닥시장본부
더테크놀로지	기	2024.09.25	자본감소	코스닥시장본부
케이에이치미래물산	기	2024.09.24	투자자 보호	코스닥시장본부
케이에이치건설	기	2024.09.24	투자자 보호	코스닥시장본부
장원테크	기	2024.09.24	투자자 보호	코스닥시장본부
이루다	기	2024.09.24	주식의 병합, 분할 등 전자등록 변경, 말소	코스닥시장본부
상지건설 IR	코	2024.09.24	주식의 병합, 분할 등 전자등록 변경, 말소	코스닥시장본부
케이엔제이 IR	코	2024.09.23	중요한 영업정지	코스닥시장본부
TS트릴리온	코	2024.09.19	회생절차개시신청	코스닥시장본부
GRT	코	2024.09.19	주식배당	코스닥시장본부
드래곤플라이	코	2024.09.13	자본감소	코스닥시장본부
디바이스	코	2024.09.11	단일판매공급계약	코스닥시장본부
위메이드맥스 IR	코	2024.09.10	주식교환, 이전	코스닥시장본부
퀀타피아	기	2024.09.09	투자자 보호	코스닥시장본부
지더블유바이텍	기	2024.09.09	상장적격성 실질심사 대상 (사유발생)	코스닥시장본부
무궁화인포메이션테크놀로지	기	2024.09.09	투자자 보호	코스닥시장본부
비즈니스온커뮤니케이션	기	2024.09.05	주식교환,이전	코스닥시장본부
알파AI	코	2024.09.02	주식의 병합, 분할 등 전자등록 변경, 말소	코스닥시장본부
커넥트웨이브	기	2024.08.30	주식의 병합, 분할 등 전자등록 변경, 말소	코스닥시장본부
재영솔루텍	코	2024.08.30	중요한 영업정지	코스닥시장본부
유성티엔에스	코	2024.08.28	중요한 영업정지	코스닥시장본부
동구바이오제약	코	2024.08.28	중요한 영업정지	코스닥시장본부
한국제11호기업인수목적	기	2024.08.27	SPAC 소멸합병	코스닥시장본부
엑시온그룹	코	2024.08.27	영업양수도	코스닥시장본부
에스엔유프리시젼	기	2024.08.27	합병	코스닥시장본부
오늘이엔엠 IR	코	2024.08.26	주식의 병합, 분할 등 전자등록 변경, 말소	코스닥시장본부
더테크놀로지	기	2024.08.23	불성실공시법인 지정	코스닥시장본부
대호특수강	코	2024.08.20	주식의 병합, 분할 등 전자등록 변경, 말소	코스닥시장본부
제이시스메디칼	기	2024.08.19	주식교환, 이전	코스닥시장본부
스톰테크	코	2024.08.16	무상증자	코스닥시장본부
제이케이시냅스	코	2024.08.13	주식의 병합, 분할 등 전자등록 변경, 말소	코스닥시장본부
동구바이오제약	코	2024.08.13	중요한 영업정지	코스닥시장본부
아리바이오홀딩스	코	2024.08.09	우회상장여부 및 요건충족확인	코스닥시장본부
하나금융24호기업인수목적	기	2024.08.07	SPAC 소멸합병	코스닥시장본부
코스나인	기	2024.08.07	풍문 또는 보도 관련	코스닥시장본부
상지건설 IR	코	2024.08.06	자본감소	코스닥시장본부
전진바이오팜	코	2024.08.05	불성실공시법인 지정	코스닥시장본부
에이스테크	코	2024.08.05	불성실공시법인 지정	코스닥시장본부
올리패스	코	2024.08.02	자본감소	코스닥시장본부
한울앤제주	코	2024.07.30	주식의 병합, 분할 등 전자등록 변경, 말소	코스닥시장본부
케이비제21호기업인수목적	기	2024.07.29	SPAC 합병(예비심사청구대상)	코스닥시장본부
이큐셀	기	2024.07.29	투자자 보호	코스닥시장본부
쎄트렉아이	코	2024.07.25	단일판매공급계약	코스닥시장본부
큐리옥스바이오시스템즈	코	2024.07.23	무상증자	코스닥시장본부
에코앤드림	코	2024.07.23	무상증자	코스닥시장본부
지놈앤컴퍼니	코	2024.07.22	무상증자	코스닥시장본부
투비소프트	코	2024.07.19	주식의 병합, 분할 등 전자등록 변경, 말소	코스닥시장본부
씨앗	넥	2024.07.17		코넥스시장
휴엠앤씨	코	2024.07.16	영업양수도	코스닥시장본부
키움제7호기업인수목적	기	2024.07.16	SPAC 합병(예비심사청구대상)	코스닥시장본부
애닉	기	2024.07.16	투자자 보호	코스닥시장본부
하이제7호기업인수목적	기	2024.07.15	상장페지 사유발생	코스닥시장본부
제이케이시냅스	코	2024.07.15	자본감소	코스닥시장본부
키움제6호기업인수목적	기	2024.07.12	SPAC 합병(예비심사청구대상)	코스닥시장본부
제이엘케이	코	2024.07.12	무상증자	코스닥시장본부
엠에프엠코리아	기	2024.07.10	상장적격성 실질심사 대상 (사유발생)	코스닥시장본부
뉴보텍	코	2024.07.05	주식의 병합, 분할 등 전자등록 변경, 말소	코스닥시장본부
케이비제25호기업인수목적	기	2024.07.04	SPAC 합병(예비심사청구대상)	코스닥시장본부
셀젠텍	기	2024.07.04	상장적격성 실질심사 사유발생	코넥스시장
TS트릴리온	코	2024.07.01	풍문 또는 보도 관련	코스닥시장본부
비피도	코	2024.06.27	상장적격성 실질심사 대상 (사유발생)	코스닥시장본부
알파AI	코	2024.06.26	자본감소	코스닥시장본부
에스엘에스바이오	코	2024.06.25	무상증자	코스닥시장본부
로아앤코	기	2024.06.25	투자자 보호	코스닥시장본부
SKAI	코	2024.06.21	무상증자	코스닥시장본부
커넥트웨이브	기	2024.06.20	주식교환, 이전	코스닥시장본부
엠에프엠코리아	기	2024.06.20	불성실공시법인 지정	코스닥시장본부
유진기업인수목적7호	기	2024.06.19	상장폐지 사유발생	코스닥시장본부
경남제약	코	2024.06.19	주식의 병합, 분할 등 전자등록 변경, 말소	코스닥시장본부
웰크론한텍 IR	코	2024.06.18	중요한 영업정지	코스닥시장본부
나라소프트	기	2024.06.18	주식의 병합, 분할 등 전자등록 변경, 말소	코넥스시장
한울앤제주	코	2024.06.17	자본감소	코스닥시장본부
케이엔에스	코	2024.06.17	무상증자	코스닥시장본부
에스피소프트	코	2024.06.14	우회상장여부 및 요건충족확인	코스닥시장본부
미래에셋비전기업인수목적1호	기	2024.06.14	SPAC 합병(예비심사청구대상)	코스닥시장본부
인스웨이브	코	2024.06.12	무상증자	코스닥시장본부
GST	코	2024.06.11	무상증자	코스닥시장본부
한국테크놀로지 IR	기	2024.06.04	투자자 보호	코스닥시장본부
셀리버리	기	2024.06.04	투자자 보호	코스닥시장본부
한화플러스제2호기업인수목적	기	2024.06.03	상장폐지 사유발생	코스닥시장본부
유안타제12호기업인수목적	기	2024.05.30	SPAC 합병(예비심사청구대상)	코스닥시장본부
에이텍	코	2024.05.28	영업양수도	코스닥시장본부
비트플래닛	코	2024.05.21	상장적격성 실질심사 대상(사유발생)	코스닥시장본부
경남제약	코	2024.05.21	자본감소	코스닥시장본부
신한제9호기업인수목적	기	2024.05.20	SPAC 소멸합병	코스닥시장본부
TS트릴리온	코	2024.05.16	불성실공시법인 지정	코스닥시장본부
지엔씨에너지	코	2024.05.14	우회상장여부 및 요건충족확인	코스닥시장본부
엔에이치기업인수목적23호	기	2024.05.14	SPAC 합병(예비심사청구대상)	코스닥시장본부
뉴보텍	코	2024.05.14	자본감소	코스닥시장본부
서진시스템	코	2024.05.08	분할	코스닥시장본부
제일일렉트릭	코	2024.05.07	무상증자	코스닥시장본부
투비소프트	코	2024.05.03	자본감소	코스닥시장본부
현대바이오랜드	코	2024.05.02	무상증자	코스닥시장본부
주성엔지니어링	코	2024.05.02	분할	코스닥시장본부
하나금융22호기업인수목적	기	2024.04.30	SPAC 합병(예비심사청구대상)	코스닥시장본부
엔에이치기업인수목적20호	기	2024.04.29	상장폐지 사유발생	코스닥시장본부
케이비제26호기업인수목적	기	2024.04.25	SPAC 합병(예비심사청구대상)	코스닥시장본부
상지건설 IR	코	2024.04.25	주식의 병합, 분할 등 전자등록 변경, 말소	코스닥시장본부
밸로프	코	2024.04.25	영업양수도	코스닥시장본부
모비데이즈	코	2024.04.25	주식의 병합, 분할 등 전자등록 변경, 말소	코스닥시장본부
한화플러스제3호기업인수목적	기	2024.04.24	SPAC 합병(예비심사청구대상)	코스닥시장본부
파라택시스코리아	코	2024.04.24	무상증자	코스닥시장본부
오늘이엔엠 IR	코	2024.04.24	주식의 병합, 분할 등 전자등록 변경, 말소	코스닥시장본부
디모아	코	2024.04.24	주식의 병합, 분할 등 전자등록 변경, 말소	코스닥시장본부
어스앤에어로스페이스	기	2024.04.23	투자자 보호	코스닥시장본부
세종텔레콤	코	2024.04.23	주식의 병합, 분할 등 전자등록 변경, 말소	코스닥시장본부
케이만금세기차륜집단유한공사 IR	기	2024.04.22	풍문 또는 보도 관련	코스닥시장본부
아난티	코	2024.04.22	회계처리 기준위반	코스닥시장본부
신한제8호기업인수목적	기	2024.04.17	상장폐지 사유발생	코스닥시장본부
비트플래닛	코	2024.04.17	주식의 병합, 분할 등 전자등록 변경, 말소	코스닥시장본부
대양제지공업	기	2024.04.17	상장폐지 사유발생	코스닥시장본부
한싹	코	2024.04.15	무상증자	코스닥시장본부
일승	코	2024.04.15	영업양수도	코스닥시장본부
신신제약	코	2024.04.15	중요한 영업정지	코스닥시장본부
동방선기	코	2024.04.15	영업양수도	코스닥시장본부
하나금융25호기업인수목적	기	2024.04.12	SPAC 합병결정 이후 취소,부인사실 발생	코스닥시장본부
케이비제22호기업인수목적	기	2024.04.11	SPAC 소멸합병	코스닥시장본부
디에이테크놀로지 IR	코	2024.04.11	풍문 또는 보도 관련	코스닥시장본부
나노 IR	코	2024.04.11	상장적격성 실질심사 대상 (사유발생)	코스닥시장본부
TS트릴리온	코	2024.04.11	풍문 또는 보도 관련	코스닥시장본부
인카금융서비스	코	2024.04.09	주식의 병합, 분할 등 전자등록 변경, 말소	코스닥시장본부
나라소프트	기	2024.04.09	자본감소	코넥스시장
에이루트	코	2024.04.08	주식의 병합, 분할 등 전자등록 변경, 말소	코스닥시장본부
셀젠텍	기	2024.04.08	사업보고서 미제출	코넥스시장
비에프랩스	기	2024.04.08	풍문 또는 보도 관련	코스닥시장본부
로아앤코홀딩스	기	2024.04.08	풍문 또는 보도 관련	코스닥시장본부
동화기업	코	2024.04.08	주식의 병합, 분할 등 전자등록 변경, 말소	코스닥시장본부
대양제지공업	기	2024.04.08	투자자보호 사유 : 자진 상장폐지 결정	코스닥시장본부
교보12호기업인수목적	기	2024.04.08	SPAC 합병(예비심사청구대상)	코스닥시장본부
EDGC	코	2024.04.08	풍문 또는 보도 관련	코스닥시장본부
한주라이트메탈 IR	코	2024.04.05	무상증자	코스닥시장본부
투비소프트	코	2024.04.05	주식의 병합, 분할 등 전자등록 변경, 말소	코스닥시장본부
인터로조	코	2024.04.05	상장폐지 사유발생	코스닥시장본부
에이디칩스	기	2024.04.05	풍문 또는 보도 관련	코스닥시장본부
아리바이오홀딩스	코	2024.04.05	주식의 병합, 분할 등 전자등록 변경, 말소	코스닥시장본부
싸이버원	코	2024.04.05	주식의 병합, 분할 등 전자등록 변경, 말소	코스닥시장본부
시큐레터	코	2024.04.05	풍문 또는 보도 관련	코스닥시장본부
레몬	코	2024.04.05	주식의 병합, 분할 등 전자등록 변경, 말소	코스닥시장본부
디에이치엑스컴퍼니	코	2024.04.05	주식의 병합, 분할 등 전자등록 변경, 말소	코스닥시장본부
대산F&B IR	코	2024.04.05	풍문 또는 보도 관련	코스닥시장본부
에코프로 IR	코	2024.04.04	주식의 병합, 분할 등 전자등록 변경, 말소	코스닥시장본부
아이퀘스트	코	2024.04.04	무상증자	코스닥시장본부
신흥에스이씨	코	2024.04.04	주식의 병합, 분할 등 전자등록 변경, 말소	코스닥시장본부
세토피아	기	2024.04.04	풍문 또는 보도 관련	코스닥시장본부
LK삼양	코	2024.04.04	주식의 병합, 분할 등 전자등록 변경, 말소	코스닥시장본부
DH오토웨어	코	2024.04.04	주식의 병합, 분할 등 전자등록 변경, 말소	코스닥시장본부
프로텍	코	2024.04.03	회계처리 기준위반	코스닥시장본부
신영해피투모로우제7호기업인수목적	기	2024.04.02	SPAC 소멸합병	코스닥시장본부
디에이테크놀로지 IR	코	2024.04.02	풍문 또는 보도 관련	코스닥시장본부
성원에너텍	코	2024.04.01	무상증자	코스닥시장본부
링네트	코	2024.04.01	무상증자	코스닥시장본부
세종메디칼	코	2024.03.29	풍문 또는 보도 관련	코스닥시장본부
플래스크	코	2024.03.28	풍문 또는 보도 관련	코스닥시장본부
선샤인푸드	기	2024.03.26	투자자 보호	코스닥시장본부
이브이파킹서비스	기	2024.03.25		코넥스시장
엔케이젠바이오텍코리아	코	2024.03.25	상장적격성 실질심사 대상 (사유발생)	코스닥시장본부
딥노이드	코	2024.03.25	무상증자	코스닥시장본부
에스앤디	코	2024.03.22	이익소각	코스닥시장본부
테크엔	기	2024.03.21	상장폐지 사유발생	코넥스시장
코맥스	코	2024.03.21	풍문 또는 보도 관련	코스닥시장본부
코다코	기	2024.03.21	풍문 또는 보도 관련	코스닥시장본부
제넨바이오	기	2024.03.21	상장폐지 사유발생	코스닥시장본부
이엘씨	코	2024.03.21	중요한 영업정지	코스닥시장본부
엠에프엠코리아	기	2024.03.21	관리종목지정사유발생	코스닥시장본부
스튜디오미르	코	2024.03.21	무상증자	코스닥시장본부
비유테크놀러지	기	2024.03.21	풍문 또는 보도 관련	코스닥시장본부
에이디칩스	기	2024.03.20	관리종목지정우려	코스닥시장본부
에스티큐브	코	2024.03.20	관리종목지정사유발생	코스닥시장본부
테라사이언스	코	2024.03.19	상장적격성 실질심사 대상 (사유발생)	코스닥시장본부
유비벨록스	코	2024.03.19	무상증자	코스닥시장본부
에스유앤피	기	2024.03.19	풍문 또는 보도 관련	코스닥시장본부
더코디	코	2024.03.19	풍문 또는 보도 관련	코스닥시장본부
프로브잇	기	2024.03.14	파산신청	코스닥시장본부
비트플래닛	코	2024.03.14	자본감소	코스닥시장본부
한솔아이원스	코	2024.03.13	풍문 또는 보도 관련	코스닥시장본부
피씨엘	코	2024.03.13	관리종목지정우려	코스닥시장본부
퓨처코어 IR	기	2024.03.13	풍문 또는 보도 관련	코스닥시장본부
지란지교시큐리티	코	2024.03.13	풍문 또는 보도 관련	코스닥시장본부
오늘이엔엠 IR	코	2024.03.13	자본감소	코스닥시장본부
뉴온	코	2024.03.13	관리종목지정우려	코스닥시장본부
디모아	코	2024.03.12	자본감소	코스닥시장본부
티케이케미칼	코	2024.03.11	중요한 영업정지	코스닥시장본부
아스트	코	2024.03.11	주식의 병합, 분할 등 전자등록 변경, 말소	코스닥시장본부
베른	기	2024.03.11	지정자문인 선임계약 해지	코넥스시장
디에이테크놀로지 IR	코	2024.03.06	주식의 병합, 분할 등 전자등록 변경, 말소	코스닥시장본부
에스케이씨에스	기	2024.03.05	주식의 병합, 분할 등 전자등록 변경, 말소	코넥스시장
현대사료	코	2024.02.29	투자자 보호	코스닥시장본부
스마트솔루션즈	기	2024.02.29	투자자보호	코스닥시장본부
세종메디칼	코	2024.02.29	관리종목지정우려	코스닥시장본부
프롬바이오	코	2024.02.28	무상증자	코스닥시장본부
레몬	코	2024.02.27	자본감소	코스닥시장본부
교보11호기업인수목적	기	2024.02.27	SPAC 소멸합병	코스닥시장본부
엔에이치기업인수목적20호	기	2024.02.21	SPAC 합병결정 이후 취소,부인사실 발생	코스닥시장본부
에이치피오	코	2024.02.21	무상증자	코스닥시장본부
마이크로디지탈	코	2024.02.20	불성실공시법인 지정	코스닥시장본부
피노	코	2024.02.19	중요한 영업정지	코스닥시장본부
하이퍼코퍼레이션	코	2024.02.16	영업양수도	코스닥시장본부
비유테크놀러지	기	2024.02.15	관리종목지정우려	코스닥시장본부
엔피엑스	기	2024.02.14	상장적격성 실질심사 대상 (사유발생)	코스닥시장본부
엔피엑스	기	2024.02.14	상장적격성 실질심사 대상(사유대상)	코스닥시장본부
아크솔루션스	기	2024.02.14	관리종목지정우려	코스닥시장본부
아이패밀리에스씨	코	2024.02.14	무상증자	코스닥시장본부
바이오다인	코	2024.02.14	무상증자	코스닥시장본부
동일스틸럭스	코	2024.02.13	관리종목지정우려	코스닥시장본부
가온칩스	코	2024.02.13	단일판매공급계약	코스닥시장본부
하나금융21호기업인수목적	기	2024.02.07	SPAC 합병(예비심사청구대상)	코스닥시장본부
아하	넥	2024.02.07		코넥스시장
연우	기	2024.02.05	주식의 병합, 분할 등 전자등록 변경, 말소	코스닥시장본부
에스티큐브	코	2024.02.02	관리종목지정우려	코스닥시장본부
휴림로봇	코	2024.01.31	주식의 병합, 분할 등 전자등록 변경, 말소	코스닥시장본부
한국제11호기업인수목적	기	2024.01.30	SPAC 합병(예비심사청구대상)	코스닥시장본부
틸론	넥	2024.01.30	무상증자	코넥스시장
엑스플러스	코	2024.01.30	무상증자	코스닥시장본부
대신밸런스제16호기업인수목적	기	2024.01.30	SPAC 합병(예비심사청구대상)	코스닥시장본부
비디아이	기	2024.01.25	투자자 보호	코스닥시장본부
휴림에이텍	코	2024.01.24	주식의 병합, 분할 등 전자등록 변경, 말소	코스닥시장본부
하이로닉	코	2024.01.24	무상증자	코스닥시장본부
파라텍	코	2024.01.24	주식의 병합, 분할 등 전자등록 변경, 말소	코스닥시장본부
오늘이엔엠 IR	코	2024.01.24	주식의 병합, 분할 등 전자등록 변경, 말소	코스닥시장본부
골프존클라우드	기	2024.01.24	주식의 병합, 분할 등 전자등록 변경, 말소	코넥스시장
파멥신	기	2024.01.19	상장적격성 실질심사 대상(사유발생)	코스닥시장본부
알에프세미	기	2024.01.19	상장적격성 실질심사 대상 (사유발생)	코스닥시장본부
디모아	코	2024.01.19	자본감소	코스닥시장본부
하나머스트7호기업인수목적	기	2024.01.17	SPAC 소멸합병	코스닥시장본부
하나금융24호기업인수목적	기	2024.01.17	SPAC 합병(예비심사청구대상)	코스닥시장본부
아이비케이에스제19호기업인수목적	기	2024.01.16	SPAC 소멸합병	코스닥시장본부
THE E&M	코	2024.01.16	주식의 병합, 분할 등 전자등록 변경, 말소	코스닥시장본부
엘에이티	넥	2024.01.10	무상증자	코넥스시장
삼성머스트기업인수목적5호	기	2024.01.10	상장폐지 사유발생	코스닥시장본부
하나금융23호기업인수목적	기	2024.01.09	SPAC 소멸합병	코스닥시장본부
아진산업	코	2024.01.08	상장적격성 실질심사 대상 (사유발생)	코스닥시장본부
지아이이노베이션	코	2024.01.04	무상증자	코스닥시장본부
신원종합개발	코	2024.01.04	풍문 또는 보도 관련	코스닥시장본부
하이제6호기업인수목적	기	2024.01.02	SPAC 소멸합병	코스닥시장본부
제우스	코	2024.01.02	무상증자	코스닥시장본부
네오리진	코	2024.01.02	주식의 병합, 분할 등 전자등록 변경, 말소	코스닥시장본부
